section,species,bird
鸨形目,鸨科,波斑鸨
鸨形目,鸨科,大鸨
鸨形目,鸨科,小鸨
佛法僧目,翠鸟科,白领翡翠
佛法僧目,翠鸟科,白胸翡翠
佛法僧目,翠鸟科,斑头大翠鸟
佛法僧目,翠鸟科,斑鱼狗
佛法僧目,翠鸟科,赤翡翠
佛法僧目,翠鸟科,冠鱼狗
佛法僧目,翠鸟科,鹳嘴翡翠
佛法僧目,翠鸟科,蓝耳翠鸟
佛法僧目,翠鸟科,蓝翡翠
佛法僧目,翠鸟科,普通翠鸟
佛法僧目,翠鸟科,三趾翠鸟
佛法僧目,蜂虎科,彩虹蜂虎
佛法僧目,蜂虎科,黄喉蜂虎
佛法僧目,蜂虎科,蓝喉蜂虎
佛法僧目,蜂虎科,蓝颊蜂虎
佛法僧目,蜂虎科,蓝须夜蜂虎
佛法僧目,蜂虎科,栗头蜂虎
佛法僧目,蜂虎科,绿喉蜂虎
佛法僧目,佛法僧科,蓝胸佛法僧
佛法僧目,佛法僧科,三宝鸟
佛法僧目,佛法僧科,棕胸佛法僧
鸽形目,鸠鸽科,斑尾鹃鸠
鸽形目,鸠鸽科,斑尾林鸽
鸽形目,鸠鸽科,橙胸绿鸠
鸽形目,鸠鸽科,点斑林鸽
鸽形目,鸠鸽科,菲律宾鹃鸠
鸽形目,鸠鸽科,黑颏果鸠
鸽形目,鸠鸽科,黑林鸽
鸽形目,鸠鸽科,红翅绿鸠
鸽形目,鸠鸽科,红顶绿鸠
鸽形目,鸠鸽科,厚嘴绿鸠
鸽形目,鸠鸽科,黄脚绿鸠
鸽形目,鸠鸽科,灰斑鸠
鸽形目,鸠鸽科,灰林鸽
鸽形目,鸠鸽科,灰头绿鸠
鸽形目,鸠鸽科,火斑鸠
鸽形目,鸠鸽科,绿翅金鸠
鸽形目,鸠鸽科,绿皇鸠
鸽形目,鸠鸽科,欧斑鸠
鸽形目,鸠鸽科,欧鸽
鸽形目,鸠鸽科,山斑鸠
鸽形目,鸠鸽科,山皇鸠
鸽形目,鸠鸽科,小鹃鸠
鸽形目,鸠鸽科,楔尾绿鸠
鸽形目,鸠鸽科,雪鸽
鸽形目,鸠鸽科,岩鸽
鸽形目,鸠鸽科,原鸽
鸽形目,鸠鸽科,针尾绿鸠
鸽形目,鸠鸽科,中亚鸽
鸽形目,鸠鸽科,珠颈斑鸠
鸽形目,鸠鸽科,紫林鸽
鸽形目,鸠鸽科,棕斑鸠
鹳形目,鹳科,白鹳
鹳形目,鹳科,白颈鹳
鹳形目,鹳科,彩鹳
鹳形目,鹳科,东方白鹳
鹳形目,鹳科,黑鹳
鹳形目,鹳科,钳嘴鹳
鹳形目,鹳科,秃鹳
鹤形目,鹤科,白鹤
鹤形目,鹤科,白头鹤
鹤形目,鹤科,白枕鹤
鹤形目,鹤科,赤颈鹤
鹤形目,鹤科,丹顶鹤
鹤形目,鹤科,黑颈鹤
鹤形目,鹤科,灰鹤
鹤形目,鹤科,沙丘鹤
鹤形目,鹤科,蓑羽鹤
鹤形目,秧鸡科,白喉斑秧鸡
鹤形目,秧鸡科,白眉田鸡
鹤形目,秧鸡科,白胸苦恶鸟
鹤形目,秧鸡科,斑胁田鸡
鹤形目,秧鸡科,斑胸田鸡
鹤形目,秧鸡科,长脚秧鸡
鹤形目,秧鸡科,董鸡
鹤形目,秧鸡科,骨顶鸡
鹤形目,秧鸡科,黑背紫水鸡
鹤形目,秧鸡科,黑水鸡
鹤形目,秧鸡科,红脚苦恶鸟
鹤形目,秧鸡科,红腿斑秧鸡
鹤形目,秧鸡科,红胸田鸡
鹤形目,秧鸡科,花田鸡
鹤形目,秧鸡科,姬田鸡
鹤形目,秧鸡科,蓝胸秧鸡
鹤形目,秧鸡科,普通秧鸡
鹤形目,秧鸡科,西方秧鸡
鹤形目,秧鸡科,小田鸡
鹤形目,秧鸡科,紫水鸡
鹤形目,秧鸡科,棕背田鸡
a形目,彩鹬科,彩鹬
a形目,反嘴鹬科,反嘴鹬
a形目,反嘴鹬科,黑翅长脚鹬
a形目,海雀科,斑海雀
a形目,海雀科,扁嘴海雀
a形目,海雀科,冠海雀
a形目,海雀科,角嘴海雀
a形目,海雀科,崖海鸦
a形目,a科,白尾麦鸡
a形目,a科,长嘴剑a
a形目,a科,东方a
a形目,a科,凤头麦鸡
a形目,a科,红胸a
a形目,a科,环颈a
a形目,a科,黄颊麦鸡
a形目,a科,灰斑a
a形目,a科,灰头麦鸡
a形目,a科,剑a
a形目,a科,金斑a
a形目,a科,金眶a
a形目,a科,距翅麦鸡
a形目,a科,美洲金a
a形目,a科,蒙古沙a
a形目,a科,欧金a
a形目,a科,肉垂麦鸡
a形目,a科,铁嘴沙a
a形目,a科,小嘴a
a形目,q嘴鹬科,q嘴鹬
a形目,蛎鹬科,蛎鹬
a形目,鸥科,澳洲红嘴鸥
a形目,鸥科,白翅浮鸥
a形目,鸥科,白顶玄燕鸥
a形目,鸥科,白额燕鸥
a形目,鸥科,白燕鸥
a形目,鸥科,白腰燕鸥
a形目,鸥科,白嘴端凤头燕鸥
a形目,鸥科,北极鸥
a形目,鸥科,叉尾鸥
a形目,鸥科,大凤头燕鸥
a形目,鸥科,粉红燕鸥
a形目,鸥科,弗氏鸥
a形目,鸥科,海鸥
a形目,鸥科,褐翅燕鸥
a形目,鸥科,黑浮鸥
a形目,鸥科,黑腹燕鸥
a形目,鸥科,黑尾鸥
a形目,鸥科,黑枕燕鸥
a形目,鸥科,黑嘴鸥
a形目,鸥科,红嘴巨鸥
a形目,鸥科,红嘴鸥
a形目,鸥科,黄脚银鸥
a形目,鸥科,黄嘴河燕鸥
a形目,鸥科,灰背鸥
a形目,鸥科,灰翅鸥
a形目,鸥科,蒙古银鸥
a形目,鸥科,鸥嘴噪鸥
a形目,鸥科,普通燕鸥
a形目,鸥科,三趾鸥
a形目,鸥科,乌灰银鸥
a形目,鸥科,乌燕鸥
a形目,鸥科,西伯利亚银鸥
a形目,鸥科,细嘴鸥
a形目,鸥科,小凤头燕鸥
a形目,鸥科,小鸥
a形目,鸥科,笑鸥
a形目,鸥科,楔尾鸥
a形目,鸥科,须浮鸥
a形目,鸥科,玄燕鸥
a形目,鸥科,遗鸥
a形目,鸥科,渔鸥
a形目,鸥科,中华凤头燕鸥
a形目,鸥科,棕头鸥
a形目,丘鹬科,澳南沙锥
a形目,丘鹬科,白腰杓鹬
a形目,丘鹬科,白腰滨鹬
a形目,丘鹬科,白腰草鹬
a形目,丘鹬科,斑尾塍鹬
a形目,丘鹬科,斑胸滨鹬
a形目,丘鹬科,半蹼鹬
a形目,丘鹬科,长趾滨鹬
a形目,丘鹬科,长嘴鹬
a形目,丘鹬科,大杓鹬
a形目,丘鹬科,大滨鹬
a形目,丘鹬科,大沙锥
a形目,丘鹬科,翻石鹬
a形目,丘鹬科,高跷鹬
a形目,丘鹬科,孤沙锥
a形目,丘鹬科,鹤鹬
a形目,丘鹬科,黑腹滨鹬
a形目,丘鹬科,黑尾塍鹬
a形目,丘鹬科,黑腰滨鹬
a形目,丘鹬科,红腹滨鹬
a形目,丘鹬科,红脚鹬
a形目,丘鹬科,红颈瓣蹼鹬
a形目,丘鹬科,红颈滨鹬
a形目,丘鹬科,灰瓣蹼鹬
a形目,丘鹬科,灰尾漂鹬
a形目,丘鹬科,矶鹬
a形目,丘鹬科,姬滨鹬
a形目,丘鹬科,姬鹬
a形目,丘鹬科,尖尾滨鹬
a形目,丘鹬科,阔嘴鹬
a形目,丘鹬科,林沙锥
a形目,丘鹬科,林鹬
a形目,丘鹬科,流苏鹬
a形目,丘鹬科,漂鹬
a形目,丘鹬科,翘嘴鹬
a形目,丘鹬科,青脚滨鹬
a形目,丘鹬科,青脚鹬
a形目,丘鹬科,丘鹬
a形目,丘鹬科,三趾滨鹬
a形目,丘鹬科,扇尾沙锥
a形目,丘鹬科,勺嘴鹬
a形目,丘鹬科,饰胸鹬
a形目,丘鹬科,弯嘴滨鹬
a形目,丘鹬科,西方滨鹬
a形目,丘鹬科,小杓鹬
a形目,丘鹬科,小滨鹬
a形目,丘鹬科,小黄脚鹬
a形目,丘鹬科,小青脚鹬
a形目,丘鹬科,岩滨鹬
a形目,丘鹬科,泽鹬
a形目,丘鹬科,针尾沙锥
a形目,丘鹬科,中杓鹬
a形目,三趾鹑科,黄脚三趾鹑
a形目,三趾鹑科,林三趾鹑
a形目,三趾鹑科,棕三趾鹑
a形目,石a科,大石a
a形目,石a科,欧石a
a形目,水雉科,水雉
a形目,水雉科,铜翅水雉
a形目,燕a科,黑翅燕a
a形目,燕a科,灰燕a
a形目,燕a科,领燕a
a形目,燕a科,普通燕a
a形目,贼鸥科,长尾贼鸥
a形目,贼鸥科,短尾贼鸥
a形目,贼鸥科,南极贼鸥
a形目,贼鸥科,中贼鸥
红鹳目,红鹳科,大红鹳
鹱形目,海燕科,白腰叉尾海燕
鹱形目,海燕科,褐翅叉尾海燕
鹱形目,海燕科,黑叉尾海燕
鹱形目,海燕科,日本叉尾海燕
鹱形目,鹱科,白额鹱
鹱形目,鹱科,白额圆尾鹱
鹱形目,鹱科,暴雪鹱
鹱形目,鹱科,淡足鹱
鹱形目,鹱科,短尾鹱
鹱形目,鹱科,钩嘴圆尾鹱
鹱形目,鹱科,褐燕鹱
鹱形目,鹱科,灰鹱
鹱形目,鹱科,楔尾鹱
鹱形目,信天翁科,短尾信天翁
鹱形目,信天翁科,黑背信天翁
鹱形目,信天翁科,黑脚信天翁
鹱形目,洋海燕科,黄蹼洋海燕
鸡形目,雉科,阿尔泰雪鸡
鸡形目,雉科,鹌鹑
鸡形目,雉科,暗腹雪鸡
鸡形目,雉科,白腹锦鸡
鸡形目,雉科,白冠长尾雉
鸡形目,雉科,白颊山鹧鸪
鸡形目,雉科,白颈长尾雉
鸡形目,雉科,白马鸡
鸡形目,雉科,白眉山鹧鸪
鸡形目,雉科,白尾梢虹雉
鸡形目,雉科,白鹇
鸡形目,雉科,斑翅山鹑
鸡形目,雉科,斑尾榛鸡
鸡形目,雉科,藏马鸡
鸡形目,雉科,藏雪鸡
鸡形目,雉科,大石鸡
鸡形目,雉科,海南孔雀雉
鸡形目,雉科,海南山鹧鸪
鸡形目,雉科,褐马鸡
鸡形目,雉科,褐胸山鹧鸪
鸡形目,雉科,黑长尾雉
鸡形目,雉科,黑颈长尾雉
鸡形目,雉科,黑琴鸡
鸡形目,雉科,黑头角雉
鸡形目,雉科,黑鹇
鸡形目,雉科,黑嘴松鸡
鸡形目,雉科,红腹角雉
鸡形目,雉科,红腹锦鸡
鸡形目,雉科,红喉山鹧鸪
鸡形目,雉科,红胸角雉
鸡形目,雉科,红胸山鹧鸪
鸡形目,雉科,红原鸡
鸡形目,雉科,花尾榛鸡
鸡形目,雉科,环颈山鹧鸪
鸡形目,雉科,黄腹角雉
鸡形目,雉科,黄喉雉鹑
鸡形目,雉科,灰腹角雉
鸡形目,雉科,灰孔雀雉
鸡形目,雉科,灰山鹑
鸡形目,雉科,灰胸竹鸡
鸡形目,雉科,蓝腹鹇
鸡形目,雉科,蓝马鸡
鸡形目,雉科,蓝胸鹑
鸡形目,雉科,镰翅鸡
鸡形目,雉科,柳雷鸟
鸡形目,雉科,绿脚树鹧鸪
鸡形目,雉科,绿孔雀
鸡形目,雉科,绿尾虹雉
鸡形目,雉科,勺鸡
鸡形目,雉科,石鸡
鸡形目,雉科,四川山鹧鸪
鸡形目,雉科,台湾山鹧鸪
鸡形目,雉科,台湾竹鸡
鸡形目,雉科,西鹌鹑
鸡形目,雉科,西方松鸡
鸡形目,雉科,雪鹑
鸡形目,雉科,血雉
鸡形目,雉科,岩雷鸟
鸡形目,雉科,雉鹑
鸡形目,雉科,雉鸡
鸡形目,雉科,中华鹧鸪
鸡形目,雉科,棕尾虹雉
鸡形目,雉科,棕胸竹鸡
鲣鸟目,鲣鸟科,褐鲣鸟
鲣鸟目,鲣鸟科,红脚鲣鸟
鲣鸟目,鲣鸟科,蓝脸鲣鸟
鲣鸟目,军舰鸟科,白斑军舰鸟
鲣鸟目,军舰鸟科,白腹军舰鸟
鲣鸟目,军舰鸟科,大军舰鸟
鲣鸟目,鸬鹚科,暗绿背鸬鹚
鲣鸟目,鸬鹚科,海鸬鹚
鲣鸟目,鸬鹚科,黑颈鸬鹚
鲣鸟目,鸬鹚科,红脸鸬鹚
鲣鸟目,鸬鹚科,普通鸬鹚
鲣鸟目,鸬鹚科,侏鸬鹚
鹃形目,杜鹃科,八声杜鹃
鹃形目,杜鹃科,斑翅凤头鹃
鹃形目,杜鹃科,北方中杜鹃
鹃形目,杜鹃科,北鹰鹃
鹃形目,杜鹃科,翠金鹃
鹃形目,杜鹃科,褐翅鸦鹃
鹃形目,杜鹃科,红翅凤头鹃
鹃形目,杜鹃科,霍氏鹰鹃
鹃形目,杜鹃科,栗斑杜鹃
鹃形目,杜鹃科,绿嘴地鹃
鹃形目,杜鹃科,普通鹰鹃
鹃形目,杜鹃科,四声杜鹃
鹃形目,杜鹃科,乌鹃
鹃形目,杜鹃科,小杜鹃
鹃形目,杜鹃科,小鸦鹃
鹃形目,杜鹃科,鹰鹃
鹃形目,杜鹃科,噪鹃
鹃形目,杜鹃科,中杜鹃
鹃形目,杜鹃科,紫金鹃
s形目,s科,白尾s
s形目,s科,红尾s
s形目,s科,红嘴s
潜鸟目,潜鸟科,黑喉潜鸟
潜鸟目,潜鸟科,红喉潜鸟
潜鸟目,潜鸟科,黄嘴潜鸟
潜鸟目,潜鸟科,太平洋潜鸟
雀形目,八色鸫科,蓝八色鸫
雀形目,八色鸫科,蓝背八色鸫
雀形目,八色鸫科,蓝翅八色鸫
雀形目,八色鸫科,蓝枕八色鸫
雀形目,八色鸫科,栗头八色鸫
雀形目,八色鸫科,绿胸八色鸫
雀形目,八色鸫科,双辫八色鸫
雀形目,八色鸫科,仙八色鸫
雀形目,百灵科,白翅百灵
雀形目,百灵科,草原百灵
雀形目,百灵科,长嘴百灵
雀形目,百灵科,大短趾百灵
雀形目,百灵科,二斑百灵
雀形目,百灵科,凤头百灵
雀形目,百灵科,歌百灵
雀形目,百灵科,黑百灵
雀形目,百灵科,角百灵
雀形目,百灵科,蒙古百灵
雀形目,百灵科,蒙古短趾百灵
雀形目,百灵科,日本云雀
雀形目,百灵科,细嘴短趾百灵
雀形目,百灵科,小云雀
雀形目,百灵科,亚洲短趾百灵
雀形目,百灵科,云雀
雀形目,鹎科,白喉冠鹎
雀形目,鹎科,白喉红臀鹎
雀形目,鹎科,白颊鹎
雀形目,鹎科,白头鹎
雀形目,鹎科,凤头雀嘴鹎
雀形目,鹎科,黑短脚鹎
雀形目,鹎科,黑冠黄鹎
雀形目,鹎科,黑喉红臀鹎
雀形目,鹎科,黑头鹎
雀形目,鹎科,红耳鹎
雀形目,鹎科,黄腹冠鹎
雀形目,鹎科,黄绿鹎
雀形目,鹎科,黄臀鹎
雀形目,鹎科,灰短脚鹎
雀形目,鹎科,灰眼短脚鹎
雀形目,鹎科,栗背短脚鹎
雀形目,鹎科,栗耳短脚鹎
雀形目,鹎科,领雀嘴鹎
雀形目,鹎科,绿翅短脚鹎
雀形目,鹎科,台湾鹎
雀形目,鹎科,纹喉鹎
雀形目,鹎科,纵纹绿鹎
雀形目,伯劳科,褐背伯劳
雀形目,伯劳科,黑额伯劳
雀形目,伯劳科,红背伯劳
雀形目,伯劳科,红尾伯劳
雀形目,伯劳科,虎纹伯劳
雀形目,伯劳科,荒漠伯劳
雀形目,伯劳科,灰背伯劳
雀形目,伯劳科,灰伯劳
雀形目,伯劳科,栗背伯劳
雀形目,伯劳科,牛头伯劳
雀形目,伯劳科,西方灰伯劳
雀形目,伯劳科,楔尾伯劳
雀形目,伯劳科,棕背伯劳
雀形目,伯劳科,棕尾伯劳
雀形目,长尾山雀科,北长尾山雀
雀形目,长尾山雀科,凤头雀莺
雀形目,长尾山雀科,黑眉长尾山雀
雀形目,长尾山雀科,红头长尾山雀
雀形目,长尾山雀科,花彩雀莺
雀形目,长尾山雀科,银喉长尾山雀
雀形目,长尾山雀科,银脸长尾山雀
雀形目,长尾山雀科,棕额长尾山雀
雀形目,戴菊科,戴菊
雀形目,戴菊科,台湾戴菊
雀形目,鸫科,白腹鸫
雀形目,鸫科,白颈鸫
雀形目,鸫科,白眉地鸫
雀形目,鸫科,白眉鸫
雀形目,鸫科,白眉歌鸫
雀形目,鸫科,斑鸫
雀形目,鸫科,宝兴歌鸫
雀形目,鸫科,藏乌鸫
雀形目,鸫科,长尾地鸫
雀形目,鸫科,长嘴地鸫
雀形目,鸫科,橙头地鸫
雀形目,鸫科,赤颈鸫
雀形目,鸫科,赤胸鸫
雀形目,鸫科,大长嘴地鸫
雀形目,鸫科,岛鸫
雀形目,鸫科,光背地鸫
雀形目,鸫科,褐头鸫
雀形目,鸫科,黑颈鸫
雀形目,鸫科,黑胸鸫
雀形目,鸫科,红尾鸫
雀形目,鸫科,槲鸫
雀形目,鸫科,虎斑地鸫
雀形目,鸫科,怀氏虎鸫
雀形目,鸫科,灰背鸫
雀形目,鸫科,灰翅鸫
雀形目,鸫科,灰头鸫
雀形目,鸫科,蓝大翅鸲
雀形目,鸫科,绿宽嘴鸫
雀形目,鸫科,欧歌鸫
雀形目,鸫科,欧乌鸫
雀形目,鸫科,四川光背地鸫
雀形目,鸫科,梯氏鸫
雀形目,鸫科,田鸫
雀形目,鸫科,乌鸫
雀形目,鸫科,乌灰鸫
雀形目,鸫科,喜山光背地鸫
雀形目,鸫科,紫宽嘴鸫
雀形目,鸫科,棕背黑头鸫
雀形目,钩嘴V科,钩嘴林V
雀形目,钩嘴V科,褐背lV
雀形目,和平鸟科,和平鸟
雀形目,河乌科,河乌
雀形目,河乌科,褐河乌
雀形目,黄鹂科,黑头黄鹂
雀形目,黄鹂科,黑枕黄鹂
雀形目,黄鹂科,金黄鹂
雀形目,黄鹂科,鹊色鹂
雀形目,黄鹂科,细嘴黄鹂
雀形目,黄鹂科,印度金黄鹂
雀形目,黄鹂科,朱鹂
雀形目,蝗莺科,斑背大尾莺
雀形目,蝗莺科,斑胸短翅莺
雀形目,蝗莺科,北短翅莺
雀形目,蝗莺科,北蝗莺
雀形目,蝗莺科,苍眉蝗莺
雀形目,蝗莺科,东亚蝗莺
雀形目,蝗莺科,高山短翅莺
雀形目,蝗莺科,黑斑蝗莺
雀形目,蝗莺科,巨嘴短翅莺
雀形目,蝗莺科,库页岛蝗莺
雀形目,蝗莺科,矛斑蝗莺
雀形目,蝗莺科,鸲蝗莺
雀形目,蝗莺科,四川短翅莺
雀形目,蝗莺科,台湾短翅莺
雀形目,蝗莺科,小蝗莺
雀形目,蝗莺科,沼泽大尾莺
雀形目,蝗莺科,中华短翅莺
雀形目,蝗莺科,棕褐短翅莺
雀形目,n_科,白n_
雀形目,n_科,北鹨
雀形目,n_科,布氏鹨
雀形目,n_科,草地鹨
雀形目,n_科,大斑n_
雀形目,n_科,粉红胸鹨
雀形目,n_科,红喉鹨
雀形目,n_科,黄腹鹨
雀形目,n_科,黄n_
雀形目,n_科,黄头n_
雀形目,n_科,灰n_
雀形目,n_科,理氏鹨
雀形目,n_科,林鹨
雀形目,n_科,平原鹨
雀形目,n_科,日本n_
雀形目,n_科,山n_
雀形目,n_科,山鹨
雀形目,n_科,树鹨
雀形目,n_科,水鹨
雀形目,n_科,田鹨
雀形目,n_科,西黄n_
雀形目,鹪鹩科,鹪鹩
雀形目,鹃V科,暗灰鹃V
雀形目,鹃V科,长尾山椒鸟
雀形目,鹃V科,赤红山椒鸟
雀形目,鹃V科,大鹃V
雀形目,鹃V科,短嘴山椒鸟
雀形目,鹃V科,粉红山椒鸟
雀形目,鹃V科,黑鸣鹃V
雀形目,鹃V科,灰喉山椒鸟
雀形目,鹃V科,灰山椒鸟
雀形目,鹃V科,琉球山椒鸟
雀形目,鹃V科,小灰山椒鸟
雀形目,卷尾科,大盘尾
雀形目,卷尾科,发冠卷尾
雀形目,卷尾科,古铜色卷尾
雀形目,卷尾科,黑卷尾
雀形目,卷尾科,灰卷尾
雀形目,卷尾科,小盘尾
雀形目,卷尾科,鸦嘴卷尾
雀形目,阔嘴鸟科,长尾阔嘴鸟
雀形目,阔嘴鸟科,银胸丝冠鸟
雀形目,丽星鹩鹛科,丽星鹩鹛
雀形目,椋鸟科,八哥
雀形目,椋鸟科,白领八哥
雀形目,椋鸟科,斑翅椋鸟
雀形目,椋鸟科,斑椋鸟
雀形目,椋鸟科,北椋鸟
雀形目,椋鸟科,粉红椋鸟
雀形目,椋鸟科,黑冠椋鸟
雀形目,椋鸟科,黑领椋鸟
雀形目,椋鸟科,红嘴椋鸟
雀形目,椋鸟科,灰背椋鸟
雀形目,椋鸟科,灰椋鸟
雀形目,椋鸟科,灰头椋鸟
雀形目,椋鸟科,家八哥
雀形目,椋鸟科,金冠树八哥
雀形目,椋鸟科,鹩哥
雀形目,椋鸟科,林八哥
雀形目,椋鸟科,丝光椋鸟
雀形目,椋鸟科,紫背椋鸟
雀形目,椋鸟科,紫翅椋鸟
雀形目,鳞胸鹪鹛科,鳞胸鹪鹛
雀形目,鳞胸鹪鹛科,尼泊尔鹪鹛
雀形目,鳞胸鹪鹛科,台湾鹪鹛
雀形目,鳞胸鹪鹛科,小鳞胸鹪鹛
雀形目,鳞胸鹪鹛科,中华鹪鹛
雀形目,柳莺科,暗绿柳莺
雀形目,柳莺科,白斑尾柳莺
雀形目,柳莺科,白眶l莺
雀形目,柳莺科,比氏l莺
雀形目,柳莺科,橙斑翅柳莺
雀形目,柳莺科,淡黄腰柳莺
雀形目,柳莺科,淡脚柳莺
雀形目,柳莺科,淡眉柳莺
雀形目,柳莺科,淡尾l莺
雀形目,柳莺科,东方叽喳柳莺
雀形目,柳莺科,峨眉柳莺
雀形目,柳莺科,峨眉l莺
雀形目,柳莺科,饭岛柳莺
雀形目,柳莺科,甘肃柳莺
雀形目,柳莺科,冠纹柳莺
雀形目,柳莺科,海南柳莺
雀形目,柳莺科,褐柳莺
雀形目,柳莺科,黑眉柳莺
雀形目,柳莺科,华南冠纹柳莺
雀形目,柳莺科,华西柳莺
雀形目,柳莺科,黄腹柳莺
雀形目,柳莺科,黄眉柳莺
雀形目,柳莺科,黄胸柳莺
雀形目,柳莺科,黄腰柳莺
雀形目,柳莺科,灰冠l莺
雀形目,柳莺科,灰喉柳莺
雀形目,柳莺科,灰脸l莺
雀形目,柳莺科,灰柳莺
雀形目,柳莺科,灰头柳莺
雀形目,柳莺科,灰岩柳莺
雀形目,柳莺科,叽喳柳莺
雀形目,柳莺科,极北柳莺
雀形目,柳莺科,金眶l莺
雀形目,柳莺科,巨嘴柳莺
雀形目,柳莺科,堪察加柳莺
雀形目,柳莺科,库页岛柳莺
雀形目,柳莺科,栗头l莺
雀形目,柳莺科,林柳莺
雀形目,柳莺科,冕柳莺
雀形目,柳莺科,欧柳莺
雀形目,柳莺科,日本柳莺
雀形目,柳莺科,双斑绿柳莺
雀形目,柳莺科,四川柳莺
雀形目,柳莺科,韦氏l莺
雀形目,柳莺科,乌嘴柳莺
雀形目,柳莺科,西南冠纹柳莺
雀形目,柳莺科,烟柳莺
雀形目,柳莺科,云南白斑尾柳莺
雀形目,柳莺科,云南柳莺
雀形目,柳莺科,棕腹柳莺
雀形目,柳莺科,棕眉柳莺
雀形目,梅花雀科,白腰文鸟
雀形目,梅花雀科,斑文鸟
雀形目,梅花雀科,长尾鹦雀
雀形目,梅花雀科,红梅花雀
雀形目,梅花雀科,栗腹文鸟
雀形目,鹛科,斑翅鹩鹛
雀形目,鹛科,斑颈穗鹛
雀形目,鹛科,斑胸钩嘴鹛
雀形目,鹛科,长尾鹩鹛
雀形目,鹛科,长嘴钩嘴鹛
雀形目,鹛科,淡喉鹩鹛
雀形目,鹛科,黑颏穗鹛
雀形目,鹛科,黑头穗鹛
雀形目,鹛科,黑胸楔嘴鹩鹛
雀形目,鹛科,红顶鹛
雀形目,鹛科,红头穗鹛
雀形目,鹛科,红嘴钩嘴鹛
雀形目,鹛科,华南斑胸钩嘴鹛
雀形目,鹛科,黄喉穗鹛
雀形目,鹛科,灰头钩嘴鹛
雀形目,鹛科,剑嘴鹛
雀形目,鹛科,金头穗鹛
雀形目,鹛科,弄岗穗鹛
雀形目,鹛科,台湾斑胸钩嘴鹛
雀形目,鹛科,台湾棕颈钩嘴鹛
雀形目,鹛科,纹胸巨鹛
雀形目,鹛科,楔嘴鹩鹛
雀形目,鹛科,锈脸钩嘴鹛
雀形目,鹛科,棕颈钩嘴鹛
雀形目,鹛科,棕头钩嘴鹛
雀形目,攀雀科,白冠攀雀
雀形目,攀雀科,中华攀雀
雀形目,雀鹎科,大绿雀鹎
雀形目,雀鹎科,黑翅雀鹎
雀形目,雀鹎科,稀树草c
雀形目,雀科,白斑翅雪雀
雀形目,雀科,白腰雪雀
雀形目,雀科,藏雪雀
雀形目,雀科,褐翅雪雀
雀形目,雀科,黑顶麻雀
雀形目,雀科,黑喉雪雀
雀形目,雀科,黑胸麻雀
雀形目,雀科,家麻雀
雀形目,雀科,麻雀
雀形目,雀科,山麻雀
雀形目,雀科,石雀
雀形目,雀科,棕背雪雀
雀形目,雀科,棕颈雪雀
雀形目,雀c科,白冠带c
雀形目,山雀科,白眉山雀
雀形目,山雀科,苍背山雀
雀形目,山雀科,川褐头山雀
雀形目,山雀科,地山雀
雀形目,山雀科,褐冠山雀
雀形目,山雀科,褐头山雀
雀形目,山雀科,黑冠山雀
雀形目,山雀科,黑喉山雀
雀形目,山雀科,红腹山雀
雀形目,山雀科,黄腹山雀
雀形目,山雀科,黄颊山雀
雀形目,山雀科,黄眉林雀
雀形目,山雀科,灰蓝山雀
雀形目,山雀科,火冠雀
雀形目,山雀科,绿背山雀
雀形目,山雀科,煤山雀
雀形目,山雀科,冕雀
雀形目,山雀科,台湾黄山雀
雀形目,山雀科,台湾杂色山雀
雀形目,山雀科,眼纹黄山雀
雀形目,山雀科,远东山雀
雀形目,山雀科,杂色山雀
雀形目,山雀科,沼泽山雀
雀形目,山雀科,棕枕山雀
雀形目,扇尾l科,白喉扇尾l
雀形目,扇尾l科,白眉扇尾l
雀形目,扇尾l科,黑白扇尾l
雀形目,扇尾莺科,暗冕山鹪莺
雀形目,扇尾莺科,长尾缝叶莺
雀形目,扇尾莺科,纯色山鹪莺
雀形目,扇尾莺科,褐山鹪莺
雀形目,扇尾莺科,黑喉缝叶莺
雀形目,扇尾莺科,黑喉山鹪莺
雀形目,扇尾莺科,黑胸山鹪莺
雀形目,扇尾莺科,黄腹山鹪莺
雀形目,扇尾莺科,灰胸山鹪莺
雀形目,扇尾莺科,金头扇尾莺
雀形目,扇尾莺科,山鹪莺
雀形目,扇尾莺科,棕扇尾莺
雀形目,树莺科,大树莺
雀形目,树莺科,淡脚树莺
雀形目,树莺科,黑脸l莺
雀形目,树莺科,黄腹树莺
雀形目,树莺科,黄腹l莺
雀形目,树莺科,灰腹地莺
雀形目,树莺科,金冠地莺
雀形目,树莺科,金头缝叶莺
雀形目,树莺科,宽尾树莺
雀形目,树莺科,宽嘴l莺
雀形目,树莺科,栗头地莺
雀形目,树莺科,鳞头树莺
雀形目,树莺科,强脚树莺
雀形目,树莺科,日本树莺
雀形目,树莺科,休氏树莺
雀形目,树莺科,异色树莺
雀形目,树莺科,远东树莺
雀形目,树莺科,棕顶树莺
雀形目,树莺科,棕脸l莺
雀形目,太平鸟科,太平鸟
雀形目,太平鸟科,小太平鸟
雀形目,太阳鸟科,叉尾太阳鸟
雀形目,太阳鸟科,长嘴捕蛛鸟
雀形目,太阳鸟科,褐喉食蜜鸟
雀形目,太阳鸟科,黑胸太阳鸟
雀形目,太阳鸟科,黄腹花蜜鸟
雀形目,太阳鸟科,黄腰太阳鸟
雀形目,太阳鸟科,火尾太阳鸟
雀形目,太阳鸟科,蓝喉太阳鸟
雀形目,太阳鸟科,蓝枕花蜜鸟
雀形目,太阳鸟科,绿喉太阳鸟
雀形目,太阳鸟科,纹背捕蛛鸟
雀形目,太阳鸟科,紫颊直嘴太阳鸟
雀形目,太阳鸟科,紫色花蜜鸟
雀形目,铁爪c科,铁爪c
雀形目,铁爪c科,雪c
雀形目,王l科,黑枕王l
雀形目,王l科,寿带
雀形目,王l科,印缅寿带
雀形目,王l科,中南寿带
雀形目,王l科,紫寿带
雀形目,苇莺科,布氏苇莺
雀形目,苇莺科,草绿篱莺
雀形目,苇莺科,大苇莺
雀形目,苇莺科,稻田苇莺
雀形目,苇莺科,东方大苇莺
雀形目,苇莺科,钝翅苇莺
雀形目,苇莺科,黑眉苇莺
雀形目,苇莺科,厚嘴苇莺
雀形目,苇莺科,芦苇莺
雀形目,苇莺科,赛氏篱莺
雀形目,苇莺科,水蒲苇莺
雀形目,苇莺科,细纹苇莺
雀形目,苇莺科,须苇莺
雀形目,苇莺科,靴篱莺
雀形目,苇莺科,远东苇莺
雀形目,苇莺科,噪大苇莺
雀形目,文须雀科,文须雀
雀形目,l科,白背矶鸫
雀形目,l科,白顶溪鸲
雀形目,l科,白腹短翅鸲
雀形目,l科,白腹蓝l
雀形目,l科,白冠燕尾
雀形目,l科,白喉短翅鸫
雀形目,l科,白喉红尾鸲
雀形目,l科,白喉矶鸫
雀形目,l科,白喉姬l
雀形目,l科,白喉林l
雀形目,l科,白眉姬l
雀形目,l科,白眉蓝姬l
雀形目,l科,白眉林鸲
雀形目,l科,白尾蓝地鸲
雀形目,l科,白尾蓝仙l
雀形目,l科,白须黑胸歌鸲
雀形目,l科,白腰鹊鸲
雀形目,l科,斑背燕尾
雀形目,l科,斑姬l
雀形目,l科,斑l
雀形目,l科,北红尾鸲
雀形目,l科,北灰l
雀形目,l科,橙胸姬l
雀形目,l科,纯蓝仙l
雀形目,l科,大仙l
雀形目,l科,海南蓝仙l
雀形目,l科,贺兰山红尾鸲
雀形目,l科,褐胸l
雀形目,l科,黑背燕尾
雀形目,l科,黑喉歌鸲
雀形目,l科,黑喉红尾鸲
雀形目,l科,黑胸歌鸲
雀形目,l科,红背红尾鸲
雀形目,l科,红腹红尾鸲
雀形目,l科,红喉歌鸲
雀形目,l科,红喉姬l
雀形目,l科,红尾歌鸲
雀形目,l科,红尾水鸲
雀形目,l科,红胁蓝尾鸲
雀形目,l科,红胸姬l
雀形目,l科,黄眉姬l
雀形目,l科,灰背燕尾
雀形目,l科,灰颊仙l
雀形目,l科,灰蓝姬l
雀形目,l科,灰纹l
雀形目,l科,金色林鸲
雀形目,l科,金胸歌鸲
雀形目,l科,蓝额长脚地鸲
雀形目,l科,蓝额红尾鸲
雀形目,l科,蓝歌鸲
雀形目,l科,蓝喉歌鸲
雀形目,l科,蓝喉仙l
雀形目,l科,蓝矶鸫
雀形目,l科,蓝眉林鸲
雀形目,l科,蓝头红尾鸲
雀形目,l科,栗背短翅鸫
雀形目,l科,栗腹歌鸲
雀形目,l科,栗腹矶鸫
雀形目,l科,栗尾姬l
雀形目,l科,琉璃蓝l
雀形目,l科,琉球歌鸲
雀形目,l科,绿背姬l
雀形目,l科,欧亚红尾鸲
雀形目,l科,欧亚鸲
雀形目,l科,鸲姬l
雀形目,l科,鹊鸲
雀形目,l科,日本歌鸲
雀形目,l科,山蓝仙l
雀形目,l科,台湾短翅鸫
雀形目,l科,台湾林鸲
雀形目,l科,台湾紫啸鸫
雀形目,l科,铜蓝l
雀形目,l科,乌l
雀形目,l科,喜山短翅鸫
雀形目,l科,小斑姬l
雀形目,l科,小仙l
雀形目,l科,小燕尾
雀形目,l科,新疆歌鸲
雀形目,l科,锈腹短翅鸫
雀形目,l科,锈胸蓝姬l
雀形目,l科,玉头姬l
雀形目,l科,赭红尾鸲
雀形目,l科,中华短翅鸫
雀形目,l科,中华仙l
雀形目,l科,侏蓝仙l
雀形目,l科,紫啸鸫
雀形目,l科,棕腹大仙l
雀形目,l科,棕腹蓝仙l
雀形目,l科,棕腹林鸲
雀形目,l科,棕腹仙l
雀形目,l科,棕薮鸲
雀形目,l科,棕头歌鸲
雀形目,l科,棕尾褐l
雀形目,l科,棕胸蓝姬l
雀形目,c科,白顶c
雀形目,c科,白眉c
雀形目,c科,白头c
雀形目,c科,藏c
雀形目,c科,凤头c
雀形目,c科,戈氏岩c
雀形目,c科,褐头c
雀形目,c科,黑头c
雀形目,c科,红颈苇c
雀形目,c科,黄喉c
雀形目,c科,黄眉c
雀形目,c科,黄c
雀形目,c科,黄胸c
雀形目,c科,灰颈c
雀形目,c科,灰眉岩c
雀形目,c科,灰头c
雀形目,c科,灰c
雀形目,c科,蓝c
雀形目,c科,栗斑腹c
雀形目,c科,栗耳c
雀形目,c科,栗c
雀形目,c科,硫磺c
雀形目,c科,芦c
雀形目,c科,圃c
雀形目,c科,三道眉草c
雀形目,c科,黍c
雀形目,c科,田c
雀形目,c科,苇c
雀形目,c科,小c
雀形目,仙莺科,方尾l
雀形目,仙莺科,黄腹扇尾l
雀形目,绣眼鸟科,暗绿绣眼鸟
雀形目,绣眼鸟科,白领凤鹛
雀形目,绣眼鸟科,白项凤鹛
雀形目,绣眼鸟科,低地绣眼鸟
雀形目,绣眼鸟科,褐头凤鹛
雀形目,绣眼鸟科,黑颏凤鹛
雀形目,绣眼鸟科,红胁绣眼鸟
雀形目,绣眼鸟科,黄颈凤鹛
雀形目,绣眼鸟科,灰腹绣眼鸟
雀形目,绣眼鸟科,栗耳凤鹛
雀形目,绣眼鸟科,栗颈凤鹛
雀形目,绣眼鸟科,日本绣眼鸟
雀形目,绣眼鸟科,纹喉凤鹛
雀形目,绣眼鸟科,棕臀凤鹛
雀形目,旋壁雀科,红翅旋壁雀
雀形目,旋木雀科,高山旋木雀
雀形目,旋木雀科,褐喉旋木雀
雀形目,旋木雀科,霍氏旋木雀
雀形目,旋木雀科,四川旋木雀
雀形目,旋木雀科,休氏旋木雀
雀形目,旋木雀科,锈红腹旋木雀
雀形目,旋木雀科,旋木雀
雀形目,鸦科,白翅蓝鹊
雀形目,鸦科,白颈鸦
雀形目,鸦科,白尾地鸦
雀形目,鸦科,北噪鸦
雀形目,鸦科,丛林鸦
雀形目,鸦科,达乌里寒鸦
雀形目,鸦科,大嘴乌鸦
雀形目,鸦科,渡鸦
雀形目,鸦科,冠小嘴乌鸦
雀形目,鸦科,寒鸦
雀形目,鸦科,黑额树鹊
雀形目,鸦科,黑头噪鸦
雀形目,鸦科,黑尾地鸦
雀形目,鸦科,红嘴蓝鹊
雀形目,鸦科,红嘴山鸦
雀形目,鸦科,黄嘴蓝鹊
雀形目,鸦科,黄嘴山鸦
雀形目,鸦科,灰树鹊
雀形目,鸦科,灰喜鹊
雀形目,鸦科,家鸦
雀形目,鸦科,蓝绿鹊
雀形目,鸦科,欧亚喜鹊
雀形目,鸦科,青藏喜鹊
雀形目,鸦科,松鸦
雀形目,鸦科,塔尾树鹊
雀形目,鸦科,台湾蓝鹊
雀形目,鸦科,秃鼻乌鸦
雀形目,鸦科,喜鹊
雀形目,鸦科,小嘴乌鸦
雀形目,鸦科,星鸦
雀形目,鸦科,印支绿鹊
雀形目,鸦科,棕腹树鹊
雀形目,岩鹨科,高原岩鹨
雀形目,岩鹨科,贺兰山岩鹨
雀形目,岩鹨科,褐岩鹨
雀形目,岩鹨科,黑喉岩鹨
雀形目,岩鹨科,栗背岩鹨
雀形目,岩鹨科,领岩鹨
雀形目,岩鹨科,鸲岩鹨
雀形目,岩鹨科,棕眉山岩鹨
雀形目,岩鹨科,棕胸岩鹨
雀形目,燕V科,灰燕V
雀形目,燕科,白腹毛脚燕
雀形目,燕科,斑腰燕
雀形目,燕科,纯色岩燕
雀形目,燕科,淡色沙燕
雀形目,燕科,褐喉沙燕
雀形目,燕科,黑喉毛脚燕
雀形目,燕科,黄额燕
雀形目,燕科,家燕
雀形目,燕科,金腰燕
雀形目,燕科,线尾燕
雀形目,燕科,崖沙燕
雀形目,燕科,烟腹毛脚燕
雀形目,燕科,岩燕
雀形目,燕科,洋斑燕
雀形目,燕雀科,暗胸朱雀
雀形目,燕雀科,白斑翅拟蜡嘴雀
雀形目,燕雀科,白翅交嘴雀
雀形目,燕雀科,白点翅拟蜡嘴雀
雀形目,燕雀科,白眉朱雀
雀形目,燕雀科,白腰朱顶雀
雀形目,燕雀科,斑翅朱雀
雀形目,燕雀科,北朱雀
雀形目,燕雀科,苍头燕雀
雀形目,燕雀科,藏黄雀
雀形目,燕雀科,藏雀
雀形目,燕雀科,长尾雀
雀形目,燕雀科,赤胸朱顶雀
雀形目,燕雀科,赤朱雀
雀形目,燕雀科,大朱雀
雀形目,燕雀科,点翅朱雀
雀形目,燕雀科,粉红腹岭雀
雀形目,燕雀科,高山金翅雀
雀形目,燕雀科,高山岭雀
雀形目,燕雀科,褐灰雀
雀形目,燕雀科,褐头岭雀
雀形目,燕雀科,黑头金翅雀
雀形目,燕雀科,黑头蜡嘴雀
雀形目,燕雀科,黑尾蜡嘴雀
雀形目,燕雀科,红翅沙雀
雀形目,燕雀科,红额金翅雀
雀形目,燕雀科,红腹灰雀
雀形目,燕雀科,红交嘴雀
雀形目,燕雀科,红眉金翅雀
雀形目,燕雀科,红眉松雀
雀形目,燕雀科,红眉朱雀
雀形目,燕雀科,红头灰雀
雀形目,燕雀科,红胸朱雀
雀形目,燕雀科,红腰朱雀
雀形目,燕雀科,黄颈拟蜡嘴雀
雀形目,燕雀科,黄雀
雀形目,燕雀科,黄嘴朱顶雀
雀形目,燕雀科,灰头灰雀
雀形目,燕雀科,极北朱顶雀
雀形目,燕雀科,金翅雀
雀形目,燕雀科,金额丝雀
雀形目,燕雀科,金枕黑雀
雀形目,燕雀科,酒红朱雀
雀形目,燕雀科,巨嘴沙雀
雀形目,燕雀科,林岭雀
雀形目,燕雀科,玫红眉朱雀
雀形目,燕雀科,蒙古沙雀
雀形目,燕雀科,拟大朱雀
雀形目,燕雀科,欧金翅雀
雀形目,燕雀科,普通朱雀
雀形目,燕雀科,沙色朱雀
雀形目,燕雀科,曙红朱雀
雀形目,燕雀科,松雀
雀形目,燕雀科,台湾酒红朱雀
雀形目,燕雀科,锡嘴雀
雀形目,燕雀科,喜山白眉朱雀
雀形目,燕雀科,喜山点翅朱雀
雀形目,燕雀科,喜山红眉朱雀
雀形目,燕雀科,喜山红腰朱雀
雀形目,燕雀科,血雀
雀形目,燕雀科,燕雀
雀形目,燕雀科,棕朱雀
雀形目,叶鹎科,橙腹叶鹎
雀形目,叶鹎科,金额叶鹎
雀形目,叶鹎科,蓝翅叶鹎
雀形目,莺鹛科,暗色鸦雀
雀形目,莺鹛科,白喉林莺
雀形目,莺鹛科,白眶鸦雀
雀形目,莺鹛科,白眉雀鹛
雀形目,莺鹛科,白胸鸦雀
雀形目,莺鹛科,宝兴鹛雀
雀形目,莺鹛科,橙额鸦雀
雀形目,莺鹛科,点胸鸦雀
雀形目,莺鹛科,东歌林莺
雀形目,莺鹛科,短尾鸦雀
雀形目,莺鹛科,高山雀鹛
雀形目,莺鹛科,褐翅鸦雀
雀形目,莺鹛科,褐头雀鹛
雀形目,莺鹛科,褐鸦雀
雀形目,莺鹛科,黑顶林莺
雀形目,莺鹛科,黑眉鸦雀
雀形目,莺鹛科,横斑林莺
雀形目,莺鹛科,红头鸦雀
雀形目,莺鹛科,红嘴鸦雀
雀形目,莺鹛科,黄额鸦雀
雀形目,莺鹛科,灰白喉林莺
雀形目,莺鹛科,灰冠鸦雀
雀形目,莺鹛科,灰喉鸦雀
雀形目,莺鹛科,灰头雀鹛
雀形目,莺鹛科,灰头鸦雀
雀形目,莺鹛科,火尾绿鹛
雀形目,莺鹛科,金色鸦雀
雀形目,莺鹛科,金胸雀鹛
雀形目,莺鹛科,金眼鹛雀
雀形目,莺鹛科,路德雀鹛
雀形目,莺鹛科,三趾鸦雀
雀形目,莺鹛科,沙白喉林莺
雀形目,莺鹛科,山鹛
雀形目,莺鹛科,西域山鹛
雀形目,莺鹛科,休氏白喉林莺
雀形目,莺鹛科,亚洲漠地林莺
雀形目,莺鹛科,印支雀鹛
雀形目,莺鹛科,玉山雀鹛
雀形目,莺鹛科,震旦鸦雀
雀形目,莺鹛科,棕头雀鹛
雀形目,莺鹛科,棕头鸦雀
雀形目,莺雀科,白腹凤鹛
雀形目,莺雀科,淡绿V鹛
雀形目,莺雀科,红翅V鹛
雀形目,莺雀科,栗额V鹛
雀形目,莺雀科,栗喉V鹛
雀形目,莺雀科,棕腹V鹛
雀形目,幽鹛科,白腹幽鹛
雀形目,幽鹛科,白眶雀鹛
雀形目,幽鹛科,白头V鹛
雀形目,幽鹛科,长嘴鹩鹛
雀形目,幽鹛科,大草莺
雀形目,幽鹛科,淡眉雀鹛
雀形目,幽鹛科,短尾鹪鹛
雀形目,幽鹛科,褐顶雀鹛
雀形目,幽鹛科,褐脸雀鹛
雀形目,幽鹛科,褐胁雀鹛
雀形目,幽鹛科,黄喉雀鹛
雀形目,幽鹛科,灰眶雀鹛
雀形目,幽鹛科,灰岩鹪鹛
雀形目,幽鹛科,金额雀鹛
雀形目,幽鹛科,栗头雀鹛
雀形目,幽鹛科,领V鹛
雀形目,幽鹛科,瑙蒙短尾鹛
雀形目,幽鹛科,台湾雀鹛
雀形目,幽鹛科,纹胸鹪鹛
雀形目,幽鹛科,云南雀鹛
雀形目,幽鹛科,棕喉雀鹛
雀形目,幽鹛科,棕头幽鹛
雀形目,幽鹛科,棕胸雅鹛
雀形目,噪鹛科,白点噪鹛
雀形目,噪鹛科,白耳奇鹛
雀形目,噪鹛科,白冠噪鹛
雀形目,噪鹛科,白喉噪鹛
雀形目,噪鹛科,白颊噪鹛
雀形目,噪鹛科,白颈噪鹛
雀形目,噪鹛科,白眶斑翅鹛
雀形目,噪鹛科,斑背噪鹛
雀形目,噪鹛科,斑喉希鹛
雀形目,噪鹛科,斑胁姬鹛
雀形目,噪鹛科,斑胸噪鹛
雀形目,噪鹛科,长尾奇鹛
雀形目,噪鹛科,橙翅噪鹛
雀形目,噪鹛科,赤脸薮鹛
雀形目,噪鹛科,赤尾噪鹛
雀形目,噪鹛科,纯色噪鹛
雀形目,噪鹛科,大草鹛
雀形目,噪鹛科,大噪鹛
雀形目,噪鹛科,靛冠噪鹛
雀形目,噪鹛科,褐胸噪鹛
雀形目,噪鹛科,黑顶奇鹛
雀形目,噪鹛科,黑顶噪鹛
雀形目,噪鹛科,黑额山噪鹛
雀形目,噪鹛科,黑喉噪鹛
雀形目,噪鹛科,黑脸噪鹛
雀形目,噪鹛科,黑领噪鹛
雀形目,噪鹛科,黑头奇鹛
雀形目,噪鹛科,红翅薮鹛
雀形目,噪鹛科,红头噪鹛
雀形目,噪鹛科,红嘴相思鸟
雀形目,噪鹛科,画眉
雀形目,噪鹛科,黄喉噪鹛
雀形目,噪鹛科,黄痣薮鹛
雀形目,噪鹛科,灰翅噪鹛
雀形目,噪鹛科,灰腹噪鹛
雀形目,噪鹛科,灰奇鹛
雀形目,噪鹛科,灰头斑翅鹛
雀形目,噪鹛科,灰胁噪鹛
雀形目,噪鹛科,灰胸薮鹛
雀形目,噪鹛科,火尾希鹛
雀形目,噪鹛科,金翅噪鹛
雀形目,噪鹛科,蓝翅希鹛
雀形目,噪鹛科,蓝翅噪鹛
雀形目,噪鹛科,丽色奇鹛
雀形目,噪鹛科,丽色噪鹛
雀形目,噪鹛科,丽星噪鹛
雀形目,噪鹛科,栗背奇鹛
雀形目,噪鹛科,栗颊噪鹛
雀形目,噪鹛科,栗颈噪鹛
雀形目,噪鹛科,矛纹草鹛
雀形目,噪鹛科,山噪鹛
雀形目,噪鹛科,台湾白喉噪鹛
雀形目,噪鹛科,台湾斑翅鹛
雀形目,噪鹛科,台湾画眉
雀形目,噪鹛科,台湾棕噪鹛
雀形目,噪鹛科,条纹噪鹛
雀形目,噪鹛科,纹头斑翅鹛
雀形目,噪鹛科,纹胸斑翅鹛
雀形目,噪鹛科,细纹噪鹛
雀形目,噪鹛科,小黑领噪鹛
雀形目,噪鹛科,锈额斑翅鹛
雀形目,噪鹛科,眼纹噪鹛
雀形目,噪鹛科,银耳相思鸟
雀形目,噪鹛科,银耳噪鹛
雀形目,噪鹛科,玉山噪鹛
雀形目,噪鹛科,杂色噪鹛
雀形目,噪鹛科,棕草鹛
雀形目,噪鹛科,棕颏噪鹛
雀形目,噪鹛科,棕臀噪鹛
雀形目,噪鹛科,棕噪鹛
雀形目,织雀科,黄胸织雀
雀形目,织雀科,纹胸织雀
雀形目,朱c科,朱c
雀形目,啄花鸟科,纯色啄花鸟
雀形目,啄花鸟科,红胸啄花鸟
雀形目,啄花鸟科,厚嘴啄花鸟
雀形目,啄花鸟科,黄腹啄花鸟
雀形目,啄花鸟科,黄臀啄花鸟
雀形目,啄花鸟科,朱背啄花鸟
沙鸡目,沙鸡科,黑腹沙鸡
沙鸡目,沙鸡科,毛腿沙鸡
沙鸡目,沙鸡科,西藏毛腿沙鸡
隼形目,隼科,白腿小隼
隼形目,隼科,红脚隼
隼形目,隼科,红隼
隼形目,隼科,红腿小隼
隼形目,隼科,黄爪隼
隼形目,隼科,灰背隼
隼形目,隼科,猎隼
隼形目,隼科,矛隼
隼形目,隼科,猛隼
隼形目,隼科,西红脚隼
隼形目,隼科,燕隼
隼形目,隼科,游隼
鹈形目,q科,白肩黑q
鹈形目,q科,白琵鹭
鹈形目,q科,彩q
鹈形目,q科,黑脸琵鹭
鹈形目,q科,黑头白q
鹈形目,q科,朱q
鹈形目,鹭科,白腹鹭
鹈形目,鹭科,白脸鹭
鹈形目,鹭科,白鹭
鹈形目,鹭科,斑鹭
鹈形目,鹭科,苍鹭
鹈形目,鹭科,草鹭
鹈形目,鹭科,池鹭
鹈形目,鹭科,大白鹭
鹈形目,鹭科,大麻Z
鹈形目,鹭科,海南Z
鹈形目,鹭科,黑冠Z
鹈形目,鹭科,黑Z
鹈形目,鹭科,黄苇Z
鹈形目,鹭科,黄嘴白鹭
鹈形目,鹭科,栗Z
鹈形目,鹭科,栗苇Z
鹈形目,鹭科,绿鹭
鹈形目,鹭科,牛背鹭
鹈形目,鹭科,小苇Z
鹈形目,鹭科,岩鹭
鹈形目,鹭科,夜鹭
鹈形目,鹭科,印度池鹭
鹈形目,鹭科,中白鹭
鹈形目,鹭科,爪哇池鹭
鹈形目,鹭科,紫背苇Z
鹈形目,鹭科,棕夜鹭
鹈形目,鹈鹕科,白鹈鹕
鹈形目,鹈鹕科,斑嘴鹈鹕
鹈形目,鹈鹕科,卷羽鹈鹕
犀鸟目,戴胜科,戴胜
犀鸟目,犀鸟科,白喉犀鸟
犀鸟目,犀鸟科,冠斑犀鸟
犀鸟目,犀鸟科,花冠皱盔犀鸟
犀鸟目,犀鸟科,双角犀鸟
犀鸟目,犀鸟科,棕颈犀鸟
^形目,仓^科,仓^
^形目,仓^科,草^
^形目,仓^科,栗^
^形目,鸱^科,斑头鸺m
^形目,鸱^科,北领角^
^形目,鸱^科,北鹰^
^形目,鸱^科,长耳^
^形目,鸱^科,长尾林^
^形目,鸱^科,雕^
^形目,鸱^科,短耳^
^形目,鸱^科,鬼^
^形目,鸱^科,褐林^
^形目,鸱^科,褐渔^
^形目,鸱^科,横斑腹小^
^形目,鸱^科,红角^
^形目,鸱^科,花头鸺m
^形目,鸱^科,黄腿渔^
^形目,鸱^科,黄嘴角^
^形目,鸱^科,灰林^
^形目,鸱^科,林雕^
^形目,鸱^科,领角^
^形目,鸱^科,领鸺m
^形目,鸱^科,琉球角^
^形目,鸱^科,毛腿渔^
^形目,鸱^科,猛^
^形目,鸱^科,乌雕^
^形目,鸱^科,乌林^
^形目,鸱^科,西红角^
^形目,鸱^科,雪^
^形目,鸱^科,鹰^
^形目,鸱^科,纵纹腹小^
^形目,鸱^科,纵纹角^
雁形目,鸭科,白翅栖鸭
雁形目,鸭科,白额雁
雁形目,鸭科,白颊黑雁
雁形目,鸭科,白眉鸭
雁形目,鸭科,白秋沙鸭
雁形目,鸭科,白头硬尾鸭
雁形目,鸭科,白眼潜鸭
雁形目,鸭科,斑背潜鸭
雁形目,鸭科,斑脸海番鸭
雁形目,鸭科,斑头雁
雁形目,鸭科,斑嘴鸭
雁形目,鸭科,长尾鸭
雁形目,鸭科,赤膀鸭
雁形目,鸭科,赤颈鸭
雁形目,鸭科,赤麻鸭
雁形目,鸭科,赤嘴潜鸭
雁形目,鸭科,丑鸭
雁形目,鸭科,大天鹅
雁形目,鸭科,豆雁
雁形目,鸭科,短嘴豆雁
雁形目,鸭科,帆背潜鸭
雁形目,鸭科,凤头潜鸭
雁形目,鸭科,冠麻鸭
雁形目,鸭科,黑海番鸭
雁形目,鸭科,黑雁
雁形目,鸭科,红头潜鸭
雁形目,鸭科,红胸黑雁
雁形目,鸭科,红胸秋沙鸭
雁形目,鸭科,鸿雁
雁形目,鸭科,花脸鸭
雁形目,鸭科,灰雁
雁形目,鸭科,加拿大黑雁
雁形目,鸭科,栗树鸭
雁形目,鸭科,瘤鸭
雁形目,鸭科,绿翅鸭
雁形目,鸭科,绿眉鸭
雁形目,鸭科,绿头鸭
雁形目,鸭科,罗纹鸭
雁形目,鸭科,美洲绿翅鸭
雁形目,鸭科,棉凫
雁形目,鸭科,琵嘴鸭
雁形目,鸭科,普通秋沙鸭
雁形目,鸭科,翘鼻麻鸭
雁形目,鸭科,青头潜鸭
雁形目,鸭科,鹊鸭
雁形目,鸭科,丝绒海番鸭
雁形目,鸭科,小白额雁
雁形目,鸭科,小美洲黑雁
雁形目,鸭科,小绒鸭
雁形目,鸭科,小天鹅
雁形目,鸭科,雪雁
雁形目,鸭科,印缅斑嘴鸭
雁形目,鸭科,疣鼻天鹅
雁形目,鸭科,鸳鸯
雁形目,鸭科,云石斑鸭
雁形目,鸭科,针尾鸭
雁形目,鸭科,中华秋沙鸭
雁形目,鸭科,棕颈鸭
咬鹃目,咬鹃科,橙胸咬鹃
咬鹃目,咬鹃科,红腹咬鹃
咬鹃目,咬鹃科,红头咬鹃
夜鹰目,蟆口鸱科,黑顶蟆口鸱
夜鹰目,夜鹰科,埃及夜鹰
夜鹰目,夜鹰科,长尾夜鹰
夜鹰目,夜鹰科,林夜鹰
夜鹰目,夜鹰科,毛腿耳夜鹰
夜鹰目,夜鹰科,欧夜鹰
夜鹰目,夜鹰科,普通夜鹰
夜鹰目,夜鹰科,中亚夜鹰
鹦形目,鹦鹉科,大紫胸鹦鹉
鹦形目,鹦鹉科,短尾鹦鹉
鹦形目,鹦鹉科,绯胸鹦鹉
鹦形目,鹦鹉科,红领绿鹦鹉
鹦形目,鹦鹉科,花头鹦鹉
鹦形目,鹦鹉科,灰头鹦鹉
鹦形目,鹦鹉科,蓝腰短尾鹦鹉
鹦形目,鹦鹉科,青头鹦鹉
鹦形目,鹦鹉科,亚历山大鹦鹉
鹰形目,鹗科,鹗
鹰形目,鹰科,白背兀鹫
鹰形目,鹰科,白腹海雕
鹰形目,鹰科,白腹隼雕
鹰形目,鹰科,白腹鹞
鹰形目,鹰科,白肩雕
鹰形目,鹰科,白头鹞
鹰形目,鹰科,白尾海雕
鹰形目,鹰科,白尾鹞
鹰形目,鹰科,白兀鹫
鹰形目,鹰科,白眼\鹰
鹰形目,鹰科,苍鹰
鹰形目,鹰科,草原雕
鹰形目,鹰科,草原鹞
鹰形目,鹰科,赤腹鹰
鹰形目,鹰科,大\
鹰形目,鹰科,短趾雕
鹰形目,鹰科,凤头蜂鹰
鹰形目,鹰科,凤头鹰
鹰形目,鹰科,凤头鹰雕
鹰形目,鹰科,高山兀鹫
鹰形目,鹰科,褐耳鹰
鹰形目,鹰科,褐冠鹃隼
鹰形目,鹰科,黑翅鸢
鹰形目,鹰科,黑冠鹃隼
鹰形目,鹰科,黑兀鹫
鹰形目,鹰科,黑鸢
鹰形目,鹰科,胡兀鹫
鹰形目,鹰科,虎头海雕
鹰形目,鹰科,灰脸\鹰
鹰形目,鹰科,金雕
鹰形目,鹰科,鹃头蜂鹰
鹰形目,鹰科,栗鸢
鹰形目,鹰科,林雕
鹰形目,鹰科,毛脚\
鹰形目,鹰科,欧亚\
鹰形目,鹰科,普通\
鹰形目,鹰科,雀鹰
鹰形目,鹰科,鹊鹞
鹰形目,鹰科,日本松雀鹰
鹰形目,鹰科,蛇雕
鹰形目,鹰科,松雀鹰
鹰形目,鹰科,秃鹫
鹰形目,鹰科,乌雕
鹰形目,鹰科,乌灰鹞
鹰形目,鹰科,兀鹫
鹰形目,鹰科,喜山\
鹰形目,鹰科,靴隼雕
鹰形目,鹰科,鹰雕
鹰形目,鹰科,渔雕
鹰形目,鹰科,玉带海雕
鹰形目,鹰科,棕翅\鹰
鹰形目,鹰科,棕腹隼雕
鹰形目,鹰科,棕尾\
雨燕目,树燕科,凤头树燕
雨燕目,雨燕科,暗背雨燕
雨燕目,雨燕科,白喉针尾雨燕
雨燕目,雨燕科,白腰雨燕
雨燕目,雨燕科,短嘴金丝燕
雨燕目,雨燕科,高山雨燕
雨燕目,雨燕科,戈氏金丝燕
雨燕目,雨燕科,褐背针尾雨燕
雨燕目,雨燕科,灰喉针尾雨燕
雨燕目,雨燕科,普通楼燕
雨燕目,雨燕科,青藏白腰雨燕
雨燕目,雨燕科,小白腰雨燕
雨燕目,雨燕科,印支白腰雨燕
雨燕目,雨燕科,紫针尾雨燕
雨燕目,雨燕科,棕雨燕
