bird,province,pro_cnt
鹌鹑,上海市,93
鹌鹑,江苏省,55
鹌鹑,浙江省,23
鹌鹑,福建省,18
鹌鹑,安徽省,7
鹌鹑,山东省,5
鹌鹑,江西省,4
鹌鹑,北京市,1
鹌鹑,河北省,1
鹌鹑,广东省,1
暗灰鹃V,江苏省,53
暗灰鹃V,上海市,51
暗灰鹃V,福建省,33
暗灰鹃V,浙江省,32
暗灰鹃V,安徽省,25
暗灰鹃V,江西省,6
暗灰鹃V,山东省,2
暗灰鹃V,河南省,2
暗灰鹃V,海南省,2
暗灰鹃V,云南省,2
暗灰鹃V,重庆市,1
暗灰鹃V,广东省,1
暗灰鹃V,广西壮族自治区,1
暗绿背鸬鹚,浙江省,18
暗绿背鸬鹚,山东省,9
暗绿背鸬鹚,上海市,6
暗绿背鸬鹚,江苏省,3
暗绿背鸬鹚,广东省,1
暗绿柳莺,青海省,15
暗绿柳莺,上海市,4
暗绿柳莺,福建省,4
暗绿柳莺,四川省,2
暗绿柳莺,浙江省,1
暗绿柳莺,甘肃省,1
暗绿绣眼鸟,福建省,1175
暗绿绣眼鸟,上海市,970
暗绿绣眼鸟,江苏省,750
暗绿绣眼鸟,浙江省,718
暗绿绣眼鸟,安徽省,84
暗绿绣眼鸟,江西省,50
暗绿绣眼鸟,广东省,36
暗绿绣眼鸟,山东省,29
暗绿绣眼鸟,贵州省,15
暗绿绣眼鸟,云南省,15
暗绿绣眼鸟,海南省,13
暗绿绣眼鸟,广西壮族自治区,6
暗绿绣眼鸟,湖南省,6
暗绿绣眼鸟,重庆市,4
暗绿绣眼鸟,湖北省,2
暗绿绣眼鸟,河南省,2
暗绿绣眼鸟,四川省,2
暗绿绣眼鸟,北京市,1
暗冕山鹪莺,云南省,8
暗冕山鹪莺,广西壮族自治区,1
暗胸朱雀,四川省,3
暗胸朱雀,云南省,1
八哥,上海市,2564
八哥,江苏省,2027
八哥,福建省,1086
八哥,浙江省,957
八哥,江西省,237
八哥,安徽省,222
八哥,山东省,71
八哥,广东省,19
八哥,湖南省,13
八哥,四川省,12
八哥,海南省,11
八哥,河南省,8
八哥,云南省,7
八哥,湖北省,4
八哥,北京市,3
八哥,重庆市,2
八哥,贵州省,2
八哥,陕西省,1
八哥,广西壮族自治区,1
八哥,宁夏回族自治区,1
八声杜鹃,福建省,256
八声杜鹃,云南省,10
八声杜鹃,广东省,10
八声杜鹃,浙江省,7
八声杜鹃,江西省,2
八声杜鹃,贵州省,1
八声杜鹃,上海市,1
八声杜鹃,广西壮族自治区,1
白斑翅拟蜡嘴雀,青海省,3
白斑翅拟蜡嘴雀,四川省,2
白斑翅拟蜡嘴雀,西藏自治区,1
白斑军舰鸟,浙江省,4
白斑军舰鸟,上海市,3
白斑军舰鸟,福建省,2
白斑军舰鸟,江苏省,1
白斑尾柳莺,福建省,6
白斑尾柳莺,贵州省,5
白斑尾柳莺,四川省,2
白斑尾柳莺,江西省,2
白斑尾柳莺,浙江省,1
白背矶鸫,青海省,3
白背兀鹫,内蒙古自治区,1
白背啄木鸟,四川省,10
白背啄木鸟,福建省,3
白背啄木鸟,江西省,2
白背啄木鸟,内蒙古自治区,1
白翅浮鸥,上海市,139
白翅浮鸥,江苏省,104
白翅浮鸥,浙江省,60
白翅浮鸥,福建省,37
白翅浮鸥,山东省,31
白翅浮鸥,青海省,5
白翅浮鸥,江西省,4
白翅浮鸥,安徽省,4
白翅浮鸥,内蒙古自治区,2
白翅蓝鹊,广西壮族自治区,3
白翅栖鸭,浙江省,1
白顶溪鸲,四川省,32
白顶溪鸲,青海省,20
白顶溪鸲,福建省,7
白顶溪鸲,云南省,5
白顶溪鸲,北京市,4
白顶溪鸲,安徽省,4
白顶溪鸲,江西省,3
白顶溪鸲,湖北省,1
白顶溪鸲,甘肃省,1
白顶溪鸲,山东省,1
白顶溪鸲,上海市,1
白顶玄燕鸥,上海市,5
白顶玄燕鸥,浙江省,2
白顶玄燕鸥,广东省,1
白顶玄燕鸥,江苏省,1
白额鹱,山东省,4
白额鹱,江苏省,3
白额鹱,浙江省,2
白额鹱,广东省,1
白额鹱,福建省,1
白额雁,江西省,57
白额雁,浙江省,55
白额雁,江苏省,51
白额雁,福建省,31
白额雁,上海市,17
白额雁,安徽省,13
白额雁,山东省,11
白额雁,内蒙古自治区,1
白额雁,北京市,1
白额燕鸥,福建省,206
白额燕鸥,上海市,118
白额燕鸥,江苏省,72
白额燕鸥,浙江省,50
白额燕鸥,山东省,31
白额燕鸥,江西省,4
白额燕鸥,安徽省,1
白额燕鸥,广东省,1
白腹鸫,上海市,1433
白腹鸫,福建省,280
白腹鸫,江苏省,279
白腹鸫,浙江省,251
白腹鸫,江西省,9
白腹鸫,山东省,7
白腹鸫,安徽省,6
白腹鸫,广东省,2
白腹短翅鸲,甘肃省,1
白腹短翅鸲,河北省,1
白腹凤鹛,福建省,253
白腹凤鹛,浙江省,33
白腹凤鹛,云南省,11
白腹凤鹛,江西省,3
白腹凤鹛,广西壮族自治区,2
白腹凤鹛,海南省,2
白腹凤鹛,四川省,1
白腹海雕,内蒙古自治区,1
白腹锦鸡,四川省,1
白腹锦鸡,上海市,1
白腹蓝l,上海市,324
白腹蓝l,福建省,86
白腹蓝l,江苏省,80
白腹蓝l,浙江省,54
白腹蓝l,山东省,4
白腹蓝l,广东省,3
白腹蓝l,江西省,3
白腹蓝l,安徽省,3
白腹蓝l,湖南省,1
白腹蓝l,广西壮族自治区,1
白腹鹭,上海市,1
白腹毛脚燕,江苏省,4
白腹毛脚燕,浙江省,3
白腹毛脚燕,福建省,2
白腹毛脚燕,山东省,1
白腹隼雕,福建省,32
白腹隼雕,浙江省,17
白腹隼雕,安徽省,2
白腹隼雕,云南省,1
白腹隼雕,江苏省,1
白腹隼雕,江西省,1
白腹隼雕,内蒙古自治区,1
白腹鹞,上海市,344
白腹鹞,江苏省,147
白腹鹞,浙江省,108
白腹鹞,江西省,39
白腹鹞,山东省,37
白腹鹞,福建省,23
白腹鹞,广西壮族自治区,4
白腹鹞,云南省,3
白腹鹞,内蒙古自治区,2
白腹鹞,湖北省,2
白腹鹞,安徽省,2
白腹鹞,广东省,1
白腹鹞,宁夏回族自治区,1
白冠长尾雉,安徽省,6
白冠长尾雉,河南省,4
白冠长尾雉,内蒙古自治区,1
白冠燕尾,浙江省,225
白冠燕尾,福建省,154
白冠燕尾,江苏省,82
白冠燕尾,安徽省,28
白冠燕尾,江西省,27
白冠燕尾,四川省,14
白冠燕尾,贵州省,13
白冠燕尾,河南省,9
白冠燕尾,湖北省,4
白冠燕尾,海南省,4
白冠燕尾,云南省,3
白冠燕尾,上海市,2
白冠燕尾,重庆市,1
白冠燕尾,湖南省,1
白冠噪鹛,云南省,7
白鹳,安徽省,1
白鹤,江西省,94
白鹤,浙江省,21
白鹤,山东省,19
白鹤,福建省,8
白鹤,江苏省,8
白鹤,安徽省,4
白鹤,内蒙古自治区,1
白喉斑秧鸡,海南省,1
白喉斑秧鸡,广东省,1
白喉斑秧鸡,浙江省,1
白喉短翅鸫,福建省,52
白喉短翅鸫,广东省,6
白喉短翅鸫,云南省,2
白喉短翅鸫,安徽省,2
白喉冠鹎,云南省,7
白喉冠鹎,海南省,6
白喉冠鹎,广西壮族自治区,3
白喉红臀鹎,福建省,571
白喉红臀鹎,云南省,63
白喉红臀鹎,江西省,24
白喉红臀鹎,广东省,18
白喉红臀鹎,上海市,8
白喉红臀鹎,广西壮族自治区,6
白喉红臀鹎,海南省,5
白喉红臀鹎,贵州省,1
白喉红臀鹎,陕西省,1
白喉红臀鹎,湖南省,1
白喉红臀鹎,浙江省,1
白喉红尾鸲,青海省,10
白喉红尾鸲,四川省,5
白喉红尾鸲,甘肃省,2
白喉红尾鸲,上海市,1
白喉红尾鸲,西藏自治区,1
白喉矶鸫,江苏省,21
白喉矶鸫,上海市,17
白喉矶鸫,山东省,5
白喉矶鸫,浙江省,4
白喉矶鸫,福建省,1
白喉矶鸫,安徽省,1
白喉林l,浙江省,34
白喉林l,福建省,13
白喉林l,上海市,9
白喉林l,安徽省,4
白喉林l,江苏省,3
白喉林莺,宁夏回族自治区,1
白喉林莺,浙江省,1
白喉扇尾l,云南省,26
白喉扇尾l,广西壮族自治区,5
白喉噪鹛,四川省,7
白喉噪鹛,湖北省,3
白喉噪鹛,湖南省,1
白喉针尾雨燕,江苏省,46
白喉针尾雨燕,浙江省,21
白喉针尾雨燕,上海市,16
白喉针尾雨燕,福建省,7
白喉针尾雨燕,山东省,2
白喉针尾雨燕,四川省,2
白喉针尾雨燕,云南省,1
白喉针尾雨燕,广西壮族自治区,1
白喉针尾雨燕,安徽省,1
白喉针尾雨燕,贵州省,1
白n_,上海市,2416
白n_,江苏省,1742
白n_,浙江省,1535
白n_,福建省,1492
白n_,安徽省,267
白n_,江西省,250
白n_,山东省,171
白n_,云南省,53
白n_,青海省,38
白n_,四川省,33
白n_,广东省,29
白n_,宁夏回族自治区,15
白n_,贵州省,15
白n_,湖南省,15
白n_,内蒙古自治区,11
白n_,甘肃省,9
白n_,重庆市,9
白n_,湖北省,9
白n_,河南省,7
白n_,广西壮族自治区,6
白n_,北京市,6
白n_,海南省,4
白n_,陕西省,3
白n_,河北省,3
白n_,西藏自治区,1
白n_,新疆维吾尔自治区,1
白n_,澳门特别行政区,1
白颊鹎,福建省,1
白颊黑雁,浙江省,1
白颊黑雁,内蒙古自治区,1
白颊噪鹛,福建省,319
白颊噪鹛,江苏省,125
白颊噪鹛,江西省,74
白颊噪鹛,浙江省,57
白颊噪鹛,上海市,43
白颊噪鹛,四川省,32
白颊噪鹛,贵州省,25
白颊噪鹛,云南省,18
白颊噪鹛,湖南省,14
白颊噪鹛,安徽省,13
白颊噪鹛,重庆市,11
白颊噪鹛,陕西省,6
白颊噪鹛,广东省,2
白颊噪鹛,湖北省,2
白肩雕,江西省,3
白肩雕,云南省,1
白肩雕,广东省,1
白肩雕,内蒙古自治区,1
白肩雕,贵州省,1
白肩黑q,安徽省,1
白颈长尾雉,福建省,59
白颈长尾雉,浙江省,8
白颈长尾雉,安徽省,1
白颈长尾雉,内蒙古自治区,1
白颈长尾雉,江西省,1
白颈鸫,西藏自治区,1
白颈鸦,福建省,93
白颈鸦,浙江省,72
白颈鸦,江苏省,28
白颈鸦,安徽省,27
白颈鸦,河南省,9
白颈鸦,江西省,4
白颈鸦,贵州省,3
白颈鸦,广东省,2
白颈鸦,四川省,1
白颈鸦,上海市,1
白颈鸦,河北省,1
白颈噪鹛,上海市,1
白眶斑翅鹛,广西壮族自治区,1
白眶雀鹛,四川省,2
白眶雀鹛,云南省,1
白眶雀鹛,江西省,1
白眶雀鹛,湖北省,1
白眶l莺,福建省,20
白眶l莺,浙江省,16
白眶l莺,江西省,3
白眶l莺,四川省,1
白眶鸦雀,湖北省,1
白领八哥,云南省,5
白领翡翠,安徽省,1
白领凤鹛,四川省,21
白领凤鹛,贵州省,10
白领凤鹛,云南省,5
白领凤鹛,重庆市,3
白领凤鹛,陕西省,1
白领凤鹛,湖北省,1
白鹭,上海市,2928
白鹭,江苏省,2329
白鹭,福建省,1854
白鹭,浙江省,1793
白鹭,安徽省,259
白鹭,山东省,247
白鹭,江西省,231
白鹭,云南省,32
白鹭,广东省,31
白鹭,宁夏回族自治区,23
白鹭,四川省,20
白鹭,河南省,14
白鹭,重庆市,8
白鹭,贵州省,8
白鹭,海南省,8
白鹭,北京市,7
白鹭,湖南省,6
白鹭,湖北省,5
白鹭,陕西省,4
白鹭,甘肃省,1
白鹭,河北省,1
白鹭,澳门特别行政区,1
白马鸡,青海省,4
白马鸡,四川省,2
白马鸡,内蒙古自治区,1
白眉地鸫,上海市,104
白眉地鸫,江苏省,13
白眉地鸫,浙江省,8
白眉地鸫,福建省,4
白眉地鸫,广东省,2
白眉地鸫,山东省,2
白眉鸫,上海市,211
白眉鸫,福建省,117
白眉鸫,江苏省,49
白眉鸫,浙江省,41
白眉鸫,山东省,9
白眉鸫,宁夏回族自治区,4
白眉鸫,安徽省,3
白眉鸫,广东省,2
白眉鸫,江西省,2
白眉鸫,北京市,1
白眉鸫,内蒙古自治区,1
白眉歌鸫,上海市,1
白眉姬l,江苏省,196
白眉姬l,上海市,162
白眉姬l,浙江省,78
白眉姬l,安徽省,28
白眉姬l,山东省,23
白眉姬l,福建省,16
白眉姬l,河南省,6
白眉姬l,江西省,1
白眉姬l,四川省,1
白眉姬l,北京市,1
白眉蓝姬l,云南省,1
白眉林鸲,云南省,1
白眉雀鹛,云南省,1
白眉山雀,青海省,2
白眉山鹧鸪,福建省,115
白眉山鹧鸪,浙江省,18
白眉山鹧鸪,江西省,3
白眉田鸡,海南省,2
白眉田鸡,云南省,2
白眉c,上海市,318
白眉c,浙江省,275
白眉c,江苏省,180
白眉c,福建省,122
白眉c,江西省,17
白眉c,山东省,14
白眉c,安徽省,8
白眉c,广东省,5
白眉c,湖南省,2
白眉c,北京市,1
白眉c,广西壮族自治区,1
白眉鸭,上海市,193
白眉鸭,江苏省,144
白眉鸭,浙江省,78
白眉鸭,福建省,48
白眉鸭,山东省,10
白眉鸭,安徽省,4
白眉鸭,江西省,4
白眉鸭,内蒙古自治区,2
白眉鸭,宁夏回族自治区,1
白眉鸭,北京市,1
白眉鸭,广东省,1
白眉朱雀,青海省,16
白眉朱雀,甘肃省,2
白眉朱雀,四川省,1
白眉棕啄木鸟,广西壮族自治区,2
白眉棕啄木鸟,云南省,2
白琵鹭,上海市,334
白琵鹭,江苏省,229
白琵鹭,福建省,104
白琵鹭,浙江省,103
白琵鹭,江西省,63
白琵鹭,安徽省,40
白琵鹭,山东省,19
白琵鹭,宁夏回族自治区,4
白琵鹭,内蒙古自治区,3
白琵鹭,海南省,2
白秋沙鸭,江苏省,75
白秋沙鸭,山东省,66
白秋沙鸭,福建省,13
白秋沙鸭,上海市,10
白秋沙鸭,浙江省,8
白秋沙鸭,江西省,6
白秋沙鸭,北京市,6
白秋沙鸭,四川省,4
白秋沙鸭,安徽省,4
白秋沙鸭,内蒙古自治区,1
白鹈鹕,浙江省,4
白鹈鹕,江苏省,2
白鹈鹕,广东省,1
白头鹎,上海市,4224
白头鹎,江苏省,3138
白头鹎,浙江省,2164
白头鹎,福建省,1961
白头鹎,山东省,387
白头鹎,安徽省,346
白头鹎,江西省,281
白头鹎,广东省,46
白头鹎,北京市,23
白头鹎,湖南省,19
白头鹎,四川省,19
白头鹎,海南省,16
白头鹎,宁夏回族自治区,16
白头鹎,重庆市,15
白头鹎,河南省,7
白头鹎,广西壮族自治区,5
白头鹎,湖北省,5
白头鹎,贵州省,5
白头鹎,云南省,4
白头鹎,甘肃省,3
白头鹎,陕西省,3
白头鹎,天津市,1
白头鹎,山西省,1
白头鹎,青海省,1
白头鹎,澳门特别行政区,1
白头鹤,江西省,60
白头鹤,江苏省,40
白头鹤,安徽省,12
白头鹤,山东省,9
白头鹤,浙江省,9
白头鹤,上海市,8
白头鹤,内蒙古自治区,3
白头鹤,福建省,3
白头鹤,河北省,1
白头V鹛,云南省,1
白头c,安徽省,3
白头c,浙江省,3
白头c,青海省,3
白头c,内蒙古自治区,2
白头c,江苏省,2
白头c,山东省,1
白头c,重庆市,1
白头鹞,上海市,3
白头鹞,福建省,2
白头鹞,云南省,1
白头硬尾鸭,内蒙古自治区,1
白腿小隼,江西省,46
白腿小隼,福建省,7
白腿小隼,安徽省,6
白腿小隼,云南省,3
白尾地鸦,新疆维吾尔自治区,1
白尾海雕,四川省,4
白尾海雕,北京市,2
白尾海雕,内蒙古自治区,1
白尾海雕,江苏省,1
白尾海雕,上海市,1
白尾海雕,山东省,1
白尾蓝地鸲,云南省,13
白尾蓝地鸲,贵州省,6
白尾蓝地鸲,广东省,4
白尾蓝地鸲,广西壮族自治区,2
白尾蓝仙l,云南省,2
白尾s,湖北省,1
白尾鹞,上海市,170
白尾鹞,江苏省,102
白尾鹞,江西省,57
白尾鹞,山东省,44
白尾鹞,浙江省,20
白尾鹞,安徽省,15
白尾鹞,福建省,15
白尾鹞,内蒙古自治区,3
白尾鹞,河北省,2
白尾鹞,青海省,2
白尾鹞,云南省,1
白尾鹞,辽宁省,1
白尾鹞,四川省,1
白尾鹞,宁夏回族自治区,1
白尾鹞,湖北省,1
白尾鹞,贵州省,1
白尾鹞,北京市,1
白兀鹫,内蒙古自治区,1
白鹇,福建省,301
白鹇,浙江省,49
白鹇,江西省,18
白鹇,安徽省,11
白鹇,广东省,4
白鹇,广西壮族自治区,2
白鹇,江苏省,2
白鹇,云南省,1
白鹇,四川省,1
白鹇,内蒙古自治区,1
白胸翡翠,福建省,209
白胸翡翠,江西省,71
白胸翡翠,江苏省,48
白胸翡翠,浙江省,24
白胸翡翠,云南省,24
白胸翡翠,安徽省,20
白胸翡翠,广东省,14
白胸翡翠,海南省,4
白胸翡翠,上海市,3
白胸翡翠,广西壮族自治区,2
白胸苦恶鸟,福建省,589
白胸苦恶鸟,上海市,423
白胸苦恶鸟,江苏省,289
白胸苦恶鸟,浙江省,253
白胸苦恶鸟,江西省,29
白胸苦恶鸟,广东省,20
白胸苦恶鸟,云南省,17
白胸苦恶鸟,安徽省,14
白胸苦恶鸟,贵州省,6
白胸苦恶鸟,广西壮族自治区,3
白胸苦恶鸟,海南省,2
白胸苦恶鸟,河南省,1
白胸苦恶鸟,山东省,1
白胸苦恶鸟,陕西省,1
白胸苦恶鸟,重庆市,1
白须黑胸歌鸲,四川省,2
白须黑胸歌鸲,青海省,1
白眼潜鸭,江苏省,98
白眼潜鸭,上海市,75
白眼潜鸭,山东省,70
白眼潜鸭,浙江省,21
白眼潜鸭,福建省,10
白眼潜鸭,青海省,7
白眼潜鸭,四川省,6
白眼潜鸭,北京市,4
白眼潜鸭,云南省,3
白眼潜鸭,宁夏回族自治区,2
白眼潜鸭,贵州省,2
白眼潜鸭,内蒙古自治区,1
白眼潜鸭,安徽省,1
白眼潜鸭,广东省,1
白眼潜鸭,江西省,1
白眼潜鸭,新疆维吾尔自治区,1
白燕鸥,福建省,2
白腰杓鹬,福建省,191
白腰杓鹬,江苏省,139
白腰杓鹬,上海市,138
白腰杓鹬,浙江省,119
白腰杓鹬,山东省,36
白腰杓鹬,江西省,5
白腰杓鹬,广东省,2
白腰杓鹬,安徽省,1
白腰杓鹬,海南省,1
白腰滨鹬,山东省,3
白腰滨鹬,上海市,1
白腰滨鹬,浙江省,1
白腰草鹬,上海市,474
白腰草鹬,江苏省,373
白腰草鹬,浙江省,239
白腰草鹬,福建省,204
白腰草鹬,安徽省,75
白腰草鹬,江西省,74
白腰草鹬,山东省,44
白腰草鹬,北京市,6
白腰草鹬,宁夏回族自治区,4
白腰草鹬,云南省,3
白腰草鹬,广东省,3
白腰草鹬,河南省,2
白腰草鹬,甘肃省,2
白腰草鹬,海南省,2
白腰草鹬,四川省,2
白腰草鹬,湖南省,1
白腰草鹬,青海省,1
白腰草鹬,湖北省,1
白腰草鹬,辽宁省,1
白腰叉尾海燕,浙江省,3
白腰鹊鸲,云南省,8
白腰鹊鸲,广西壮族自治区,3
白腰鹊鸲,海南省,1
白腰鹊鸲,福建省,1
白腰文鸟,福建省,438
白腰文鸟,江苏省,437
白腰文鸟,上海市,419
白腰文鸟,浙江省,297
白腰文鸟,江西省,74
白腰文鸟,安徽省,37
白腰文鸟,云南省,14
白腰文鸟,四川省,6
白腰文鸟,广东省,5
白腰文鸟,重庆市,4
白腰文鸟,河南省,3
白腰文鸟,湖南省,2
白腰文鸟,山东省,1
白腰文鸟,陕西省,1
白腰文鸟,湖北省,1
白腰文鸟,广西壮族自治区,1
白腰文鸟,贵州省,1
白腰雪雀,青海省,14
白腰雪雀,四川省,1
白腰雪雀,广东省,1
白腰燕鸥,上海市,7
白腰燕鸥,浙江省,1
白腰雨燕,上海市,81
白腰雨燕,福建省,56
白腰雨燕,江苏省,47
白腰雨燕,浙江省,37
白腰雨燕,山东省,13
白腰雨燕,云南省,9
白腰雨燕,青海省,8
白腰雨燕,广东省,6
白腰雨燕,重庆市,4
白腰雨燕,安徽省,3
白腰雨燕,甘肃省,3
白腰雨燕,四川省,2
白腰雨燕,内蒙古自治区,2
白腰雨燕,贵州省,2
白腰雨燕,宁夏回族自治区,2
白腰雨燕,江西省,1
白腰朱顶雀,内蒙古自治区,7
白枕鹤,江西省,55
白枕鹤,上海市,29
白枕鹤,江苏省,10
白枕鹤,浙江省,2
白枕鹤,内蒙古自治区,2
白枕鹤,山东省,2
白枕鹤,安徽省,1
白枕鹤,福建省,1
斑背大尾莺,上海市,84
斑背大尾莺,江西省,11
斑背大尾莺,安徽省,1
斑背大尾莺,云南省,1
斑背大尾莺,江苏省,1
斑背潜鸭,上海市,286
斑背潜鸭,福建省,67
斑背潜鸭,浙江省,39
斑背潜鸭,江苏省,28
斑背潜鸭,山东省,11
斑背潜鸭,江西省,6
斑背潜鸭,四川省,5
斑背潜鸭,广东省,3
斑背潜鸭,安徽省,3
斑背潜鸭,内蒙古自治区,1
斑背燕尾,浙江省,16
斑背燕尾,福建省,11
斑背燕尾,四川省,2
斑背燕尾,云南省,2
斑背噪鹛,四川省,1
斑翅椋鸟,云南省,1
斑翅朱雀,甘肃省,1
斑翅朱雀,四川省,1
斑鸫,上海市,800
斑鸫,江苏省,714
斑鸫,浙江省,351
斑鸫,安徽省,88
斑鸫,福建省,75
斑鸫,山东省,75
斑鸫,江西省,40
斑鸫,北京市,6
斑鸫,湖南省,5
斑鸫,四川省,4
斑鸫,宁夏回族自治区,3
斑鸫,湖北省,2
斑鸫,广东省,2
斑鸫,青海省,1
斑喉希鹛,云南省,6
斑姬啄木鸟,浙江省,252
斑姬啄木鸟,江苏省,199
斑姬啄木鸟,福建省,114
斑姬啄木鸟,上海市,34
斑姬啄木鸟,安徽省,31
斑姬啄木鸟,广东省,15
斑姬啄木鸟,江西省,9
斑姬啄木鸟,河南省,3
斑姬啄木鸟,贵州省,3
斑姬啄木鸟,湖南省,3
斑姬啄木鸟,湖北省,2
斑姬啄木鸟,云南省,2
斑姬啄木鸟,四川省,2
斑姬啄木鸟,重庆市,1
斑颈穗鹛,海南省,3
斑颈穗鹛,广西壮族自治区,1
斑脸海番鸭,上海市,28
斑脸海番鸭,福建省,24
斑脸海番鸭,浙江省,5
斑脸海番鸭,山东省,2
斑脸海番鸭,内蒙古自治区,1
斑椋鸟,云南省,2
斑椋鸟,江西省,2
斑鹭,江苏省,4
斑头大翠鸟,福建省,15
斑头鸺m,浙江省,92
斑头鸺m,福建省,80
斑头鸺m,江苏省,51
斑头鸺m,江西省,20
斑头鸺m,云南省,9
斑头鸺m,河南省,8
斑头鸺m,安徽省,8
斑头鸺m,广东省,4
斑头鸺m,湖南省,3
斑头鸺m,贵州省,2
斑头鸺m,海南省,1
斑头鸺m,湖北省,1
斑头雁,青海省,20
斑头雁,江苏省,9
斑头雁,西藏自治区,4
斑头雁,福建省,4
斑头雁,山东省,3
斑头雁,四川省,2
斑头雁,广东省,2
斑头雁,贵州省,2
斑头雁,浙江省,2
斑头雁,内蒙古自治区,1
斑尾塍鹬,江苏省,109
斑尾塍鹬,上海市,82
斑尾塍鹬,福建省,55
斑尾塍鹬,浙江省,43
斑尾塍鹬,山东省,33
斑尾塍鹬,江西省,4
斑尾鹃鸠,福建省,53
斑尾鹃鸠,云南省,2
斑尾鹃鸠,浙江省,2
斑尾鹃鸠,江西省,1
斑文鸟,福建省,522
斑文鸟,浙江省,478
斑文鸟,上海市,175
斑文鸟,江苏省,154
斑文鸟,江西省,94
斑文鸟,云南省,31
斑文鸟,安徽省,17
斑文鸟,广东省,15
斑文鸟,湖南省,5
斑文鸟,海南省,4
斑文鸟,四川省,4
斑文鸟,河南省,2
斑文鸟,广西壮族自治区,1
斑胁田鸡,山东省,1
斑胸滨鹬,上海市,24
斑胸短翅莺,青海省,4
斑胸短翅莺,四川省,2
斑胸钩嘴鹛,福建省,13
斑胸钩嘴鹛,云南省,4
斑胸钩嘴鹛,四川省,4
斑胸钩嘴鹛,浙江省,3
斑胸钩嘴鹛,贵州省,3
斑胸钩嘴鹛,江西省,1
斑胸钩嘴鹛,湖南省,1
斑胸钩嘴鹛,山西省,1
斑胸钩嘴鹛,河南省,1
斑胸噪鹛,云南省,1
斑腰燕,云南省,22
斑腰燕,江苏省,1
斑鱼狗,福建省,263
斑鱼狗,江苏省,216
斑鱼狗,浙江省,177
斑鱼狗,江西省,122
斑鱼狗,安徽省,59
斑鱼狗,上海市,41
斑鱼狗,山东省,13
斑鱼狗,云南省,8
斑鱼狗,海南省,2
斑鱼狗,湖南省,2
斑鱼狗,广东省,2
斑鱼狗,陕西省,1
斑鱼狗,湖北省,1
斑鱼狗,四川省,1
斑嘴鹈鹕,广东省,1
斑嘴鸭,江苏省,1134
斑嘴鸭,浙江省,1007
斑嘴鸭,上海市,807
斑嘴鸭,福建省,550
斑嘴鸭,山东省,249
斑嘴鸭,安徽省,204
斑嘴鸭,江西省,151
斑嘴鸭,宁夏回族自治区,19
斑嘴鸭,四川省,10
斑嘴鸭,青海省,8
斑嘴鸭,云南省,6
斑嘴鸭,广东省,6
斑嘴鸭,北京市,5
斑嘴鸭,河南省,4
斑嘴鸭,湖北省,4
斑嘴鸭,陕西省,4
斑嘴鸭,湖南省,2
斑嘴鸭,内蒙古自治区,2
斑嘴鸭,甘肃省,2
斑嘴鸭,河北省,1
斑嘴鸭,贵州省,1
斑嘴鸭,山西省,1
半蹼鹬,上海市,69
半蹼鹬,江苏省,49
半蹼鹬,福建省,23
半蹼鹬,浙江省,15
半蹼鹬,山东省,4
半蹼鹬,江西省,1
半蹼鹬,内蒙古自治区,1
宝兴歌鸫,江苏省,6
宝兴歌鸫,上海市,4
宝兴歌鸫,福建省,4
宝兴歌鸫,浙江省,3
宝兴歌鸫,云南省,2
宝兴歌鸫,青海省,2
宝兴歌鸫,北京市,1
宝兴歌鸫,山东省,1
北长尾山雀,内蒙古自治区,7
北长尾山雀,辽宁省,1
北长尾山雀,黑龙江省,1
北长尾山雀,宁夏回族自治区,1
北短翅莺,山东省,1
北短翅莺,内蒙古自治区,1
北方中杜鹃,上海市,96
北方中杜鹃,浙江省,23
北方中杜鹃,江苏省,7
北方中杜鹃,山东省,2
北方中杜鹃,福建省,2
北方中杜鹃,四川省,1
北方中杜鹃,内蒙古自治区,1
北红尾鸲,上海市,1675
北红尾鸲,江苏省,1376
北红尾鸲,浙江省,1049
北红尾鸲,福建省,1008
北红尾鸲,山东省,195
北红尾鸲,江西省,177
北红尾鸲,安徽省,174
北红尾鸲,四川省,16
北红尾鸲,贵州省,14
北红尾鸲,北京市,13
北红尾鸲,湖南省,11
北红尾鸲,广东省,10
北红尾鸲,青海省,8
北红尾鸲,云南省,8
北红尾鸲,宁夏回族自治区,8
北红尾鸲,重庆市,7
北红尾鸲,甘肃省,6
北红尾鸲,湖北省,6
北红尾鸲,内蒙古自治区,6
北红尾鸲,河南省,3
北红尾鸲,海南省,2
北红尾鸲,河北省,2
北红尾鸲,陕西省,1
北蝗莺,浙江省,1
北蝗莺,上海市,1
北灰l,上海市,448
北灰l,江苏省,197
北灰l,福建省,187
北灰l,浙江省,175
北灰l,山东省,53
北灰l,安徽省,24
北灰l,江西省,8
北灰l,贵州省,2
北灰l,云南省,2
北灰l,广西壮族自治区,1
北灰l,广东省,1
北灰l,北京市,1
北灰l,海南省,1
北灰l,湖北省,1
北灰l,湖南省,1
北椋鸟,上海市,14
北椋鸟,江苏省,9
北椋鸟,浙江省,7
北椋鸟,安徽省,5
北椋鸟,山东省,5
北椋鸟,福建省,4
北椋鸟,宁夏回族自治区,1
北领角^,浙江省,5
北领角^,江苏省,3
北领角^,山东省,2
北鹨,上海市,46
北鹨,江苏省,20
北鹨,浙江省,11
北鹨,福建省,6
北鹨,江西省,1
北鹰鹃,上海市,15
北鹰鹃,江苏省,2
北鹰鹃,浙江省,1
北鹰鹃,山东省,1
北鹰鹃,福建省,1
北鹰^,上海市,49
北鹰^,江苏省,11
北鹰^,浙江省,9
北鹰^,河南省,9
北鹰^,山东省,6
北鹰^,江西省,2
北鹰^,福建省,1
北噪鸦,内蒙古自治区,2
北朱雀,内蒙古自治区,3
北朱雀,北京市,1
北朱雀,河北省,1
比氏l莺,上海市,8
比氏l莺,福建省,7
比氏l莺,安徽省,5
比氏l莺,四川省,3
比氏l莺,山东省,1
比氏l莺,江苏省,1
比氏l莺,贵州省,1
扁嘴海雀,山东省,1
波斑鸨,福建省,1
布氏鹨,内蒙古自治区,1
布氏鹨,福建省,1
彩鹳,安徽省,2
彩鹳,内蒙古自治区,1
彩q,福建省,12
彩q,浙江省,11
彩q,江苏省,3
彩q,云南省,3
彩鹬,浙江省,66
彩鹬,福建省,64
彩鹬,江苏省,31
彩鹬,江西省,20
彩鹬,上海市,20
彩鹬,安徽省,17
彩鹬,山东省,6
彩鹬,广东省,2
彩鹬,湖南省,1
仓^,海南省,1
苍背山雀,海南省,5
苍背山雀,宁夏回族自治区,1
苍背山雀,上海市,1
苍背山雀,北京市,1
苍鹭,上海市,1476
苍鹭,江苏省,881
苍鹭,福建省,752
苍鹭,浙江省,708
苍鹭,山东省,197
苍鹭,安徽省,121
苍鹭,江西省,94
苍鹭,宁夏回族自治区,27
苍鹭,北京市,23
苍鹭,广东省,11
苍鹭,四川省,11
苍鹭,贵州省,9
苍鹭,云南省,4
苍鹭,内蒙古自治区,4
苍鹭,陕西省,4
苍鹭,甘肃省,4
苍鹭,河北省,3
苍鹭,湖北省,2
苍鹭,重庆市,2
苍鹭,湖南省,2
苍鹭,海南省,2
苍鹭,辽宁省,1
苍鹭,新疆维吾尔自治区,1
苍眉蝗莺,上海市,3
苍眉蝗莺,山东省,1
苍头燕雀,宁夏回族自治区,4
苍鹰,江苏省,61
苍鹰,浙江省,31
苍鹰,上海市,23
苍鹰,安徽省,10
苍鹰,山东省,5
苍鹰,江西省,3
苍鹰,宁夏回族自治区,2
苍鹰,西藏自治区,2
苍鹰,湖北省,2
苍鹰,福建省,1
苍鹰,广西壮族自治区,1
苍鹰,甘肃省,1
苍鹰,内蒙古自治区,1
藏黄雀,四川省,3
藏黄雀,浙江省,1
藏马鸡,内蒙古自治区,1
藏马鸡,西藏自治区,1
藏雀,青海省,2
藏乌鸫,西藏自治区,1
藏乌鸫,青海省,1
藏乌鸫,广东省,1
藏c,青海省,2
藏c,内蒙古自治区,1
藏雪鸡,青海省,4
藏雪鸡,四川省,3
藏雪鸡,西藏自治区,1
藏雪雀,青海省,3
草地鹨,江苏省,2
草地鹨,安徽省,1
草鹭,上海市,179
草鹭,山东省,73
草鹭,江苏省,66
草鹭,福建省,23
草鹭,浙江省,21
草鹭,安徽省,5
草鹭,江西省,5
草鹭,内蒙古自治区,1
草鹭,广西壮族自治区,1
草鹭,湖南省,1
草鹭,云南省,1
草鹭,贵州省,1
草鹭,湖北省,1
草^,安徽省,2
草^,江苏省,1
草^,海南省,1
草^,浙江省,1
草原百灵,四川省,1
草原雕,内蒙古自治区,3
草原雕,青海省,1
草原雕,云南省,1
草原鹞,浙江省,3
叉尾太阳鸟,福建省,768
叉尾太阳鸟,浙江省,182
叉尾太阳鸟,广东省,33
叉尾太阳鸟,江西省,27
叉尾太阳鸟,江苏省,7
叉尾太阳鸟,云南省,5
叉尾太阳鸟,海南省,5
叉尾太阳鸟,广西壮族自治区,3
长耳^,江苏省,35
长耳^,山东省,17
长耳^,上海市,5
长耳^,黑龙江省,2
长耳^,辽宁省,1
长耳^,宁夏回族自治区,1
长耳^,内蒙古自治区,1
长耳^,北京市,1
长尾地鸫,云南省,1
长尾地鸫,江苏省,1
长尾缝叶莺,福建省,415
长尾缝叶莺,广东省,39
长尾缝叶莺,云南省,23
长尾缝叶莺,广西壮族自治区,6
长尾缝叶莺,浙江省,5
长尾缝叶莺,江西省,3
长尾缝叶莺,上海市,1
长尾缝叶莺,贵州省,1
长尾阔嘴鸟,云南省,2
长尾阔嘴鸟,广西壮族自治区,1
长尾林^,内蒙古自治区,10
长尾奇鹛,云南省,7
长尾雀,内蒙古自治区,5
长尾雀,甘肃省,2
长尾雀,北京市,1
长尾山椒鸟,四川省,8
长尾山椒鸟,云南省,5
长尾山椒鸟,湖北省,3
长尾山椒鸟,河北省,1
长尾鸭,上海市,131
长尾鸭,西藏自治区,1
长尾鸭,内蒙古自治区,1
长尾鸭,北京市,1
长尾夜鹰,云南省,1
长尾鹦雀,云南省,1
长趾滨鹬,上海市,151
长趾滨鹬,江苏省,143
长趾滨鹬,浙江省,95
长趾滨鹬,福建省,70
长趾滨鹬,山东省,5
长趾滨鹬,安徽省,2
长趾滨鹬,江西省,2
长趾滨鹬,海南省,1
长趾滨鹬,湖北省,1
长嘴百灵,青海省,5
长嘴百灵,内蒙古自治区,1
长嘴捕蛛鸟,云南省,7
长嘴地鸫,云南省,1
长嘴钩嘴鹛,云南省,2
长嘴钩嘴鹛,广西壮族自治区,2
长嘴剑a,浙江省,71
长嘴剑a,江苏省,34
长嘴剑a,山东省,19
长嘴剑a,江西省,16
长嘴剑a,安徽省,14
长嘴剑a,福建省,7
长嘴剑a,北京市,6
长嘴剑a,上海市,3
长嘴剑a,内蒙古自治区,1
长嘴剑a,陕西省,1
长嘴剑a,四川省,1
长嘴鹬,福建省,15
长嘴鹬,江苏省,13
长嘴鹬,上海市,1
长嘴鹬,湖北省,1
长嘴鹬,江西省,1
橙斑翅柳莺,青海省,11
橙斑翅柳莺,云南省,8
橙斑翅柳莺,四川省,2
橙斑翅柳莺,重庆市,1
橙翅噪鹛,四川省,19
橙翅噪鹛,青海省,16
橙翅噪鹛,湖北省,4
橙翅噪鹛,甘肃省,4
橙翅噪鹛,重庆市,3
橙翅噪鹛,云南省,2
橙翅噪鹛,陕西省,1
橙翅噪鹛,广东省,1
橙翅噪鹛,贵州省,1
橙翅噪鹛,山东省,1
橙额鸦雀,云南省,1
橙额鸦雀,重庆市,1
橙腹叶鹎,福建省,282
橙腹叶鹎,浙江省,207
橙腹叶鹎,江西省,51
橙腹叶鹎,云南省,14
橙腹叶鹎,江苏省,7
橙腹叶鹎,海南省,5
橙腹叶鹎,上海市,3
橙腹叶鹎,广东省,1
橙腹叶鹎,重庆市,1
橙腹叶鹎,安徽省,1
橙头地鸫,福建省,6
橙头地鸫,安徽省,5
橙头地鸫,云南省,3
橙头地鸫,江苏省,2
橙头地鸫,海南省,1
橙头地鸫,广东省,1
橙头地鸫,浙江省,1
橙胸姬l,云南省,3
橙胸姬l,四川省,2
橙胸姬l,重庆市,1
橙胸咬鹃,云南省,2
池鹭,福建省,1263
池鹭,江苏省,734
池鹭,上海市,598
池鹭,浙江省,445
池鹭,安徽省,108
池鹭,江西省,93
池鹭,山东省,92
池鹭,广东省,27
池鹭,云南省,18
池鹭,河南省,12
池鹭,海南省,10
池鹭,四川省,8
池鹭,湖南省,8
池鹭,贵州省,5
池鹭,湖北省,3
池鹭,内蒙古自治区,2
池鹭,甘肃省,2
池鹭,广西壮族自治区,1
池鹭,河北省,1
池鹭,澳门特别行政区,1
池鹭,陕西省,1
赤膀鸭,上海市,356
赤膀鸭,江苏省,299
赤膀鸭,浙江省,85
赤膀鸭,山东省,81
赤膀鸭,福建省,24
赤膀鸭,安徽省,18
赤膀鸭,四川省,11
赤膀鸭,江西省,7
赤膀鸭,北京市,7
赤膀鸭,青海省,5
赤膀鸭,云南省,3
赤膀鸭,广东省,2
赤膀鸭,内蒙古自治区,2
赤膀鸭,贵州省,1
赤膀鸭,湖北省,1
赤腹鹰,江苏省,145
赤腹鹰,浙江省,129
赤腹鹰,福建省,71
赤腹鹰,上海市,56
赤腹鹰,江西省,24
赤腹鹰,安徽省,14
赤腹鹰,河南省,10
赤腹鹰,山东省,9
赤腹鹰,广西壮族自治区,2
赤腹鹰,湖南省,2
赤腹鹰,湖北省,1
赤腹鹰,四川省,1
赤腹鹰,内蒙古自治区,1
赤红山椒鸟,福建省,496
赤红山椒鸟,云南省,22
赤红山椒鸟,江西省,16
赤红山椒鸟,广东省,12
赤红山椒鸟,海南省,6
赤红山椒鸟,浙江省,5
赤红山椒鸟,湖南省,1
赤红山椒鸟,上海市,1
赤红山椒鸟,江苏省,1
赤颈鸫,宁夏回族自治区,21
赤颈鸫,江苏省,19
赤颈鸫,上海市,6
赤颈鸫,山东省,5
赤颈鸫,北京市,4
赤颈鸫,青海省,2
赤颈鸫,内蒙古自治区,1
赤颈鸫,福建省,1
赤颈鸫,辽宁省,1
赤颈鸫,河北省,1
赤颈鹤,内蒙古自治区,1
赤颈鸭,上海市,447
赤颈鸭,福建省,260
赤颈鸭,江苏省,232
赤颈鸭,浙江省,193
赤颈鸭,山东省,25
赤颈鸭,江西省,21
赤颈鸭,四川省,11
赤颈鸭,安徽省,10
赤颈鸭,广东省,7
赤颈鸭,内蒙古自治区,3
赤颈鸭,北京市,2
赤颈鸭,云南省,1
赤颈鸭,湖南省,1
赤颈鸭,贵州省,1
赤麻鸭,浙江省,64
赤麻鸭,山东省,57
赤麻鸭,江苏省,54
赤麻鸭,青海省,31
赤麻鸭,上海市,27
赤麻鸭,安徽省,23
赤麻鸭,江西省,23
赤麻鸭,四川省,14
赤麻鸭,北京市,14
赤麻鸭,福建省,12
赤麻鸭,内蒙古自治区,8
赤麻鸭,云南省,8
赤麻鸭,西藏自治区,3
赤麻鸭,河北省,2
赤麻鸭,湖北省,1
赤麻鸭,广东省,1
赤麻鸭,宁夏回族自治区,1
赤麻鸭,贵州省,1
赤麻鸭,甘肃省,1
赤麻鸭,陕西省,1
赤尾噪鹛,云南省,6
赤尾噪鹛,重庆市,5
赤尾噪鹛,贵州省,4
赤尾噪鹛,广西壮族自治区,1
赤胸鸫,上海市,94
赤胸鸫,福建省,49
赤胸鸫,浙江省,16
赤胸鸫,江苏省,7
赤胸鸫,山东省,6
赤胸鸫,湖南省,1
赤胸拟啄木鸟,云南省,26
赤胸啄木鸟,四川省,12
赤胸啄木鸟,云南省,1
赤朱雀,四川省,1
赤嘴潜鸭,江苏省,26
赤嘴潜鸭,宁夏回族自治区,8
赤嘴潜鸭,青海省,6
赤嘴潜鸭,四川省,5
赤嘴潜鸭,上海市,4
赤嘴潜鸭,内蒙古自治区,3
赤嘴潜鸭,北京市,2
赤嘴潜鸭,西藏自治区,1
赤嘴潜鸭,新疆维吾尔自治区,1
赤嘴潜鸭,江西省,1
丑鸭,内蒙古自治区,1
川褐头山雀,青海省,5
川褐头山雀,四川省,2
川褐头山雀,甘肃省,1
纯蓝仙l,云南省,4
纯蓝仙l,海南省,1
纯色山鹪莺,上海市,1015
纯色山鹪莺,福建省,828
纯色山鹪莺,浙江省,660
纯色山鹪莺,江苏省,619
纯色山鹪莺,江西省,131
纯色山鹪莺,安徽省,85
纯色山鹪莺,云南省,26
纯色山鹪莺,山东省,9
纯色山鹪莺,广东省,8
纯色山鹪莺,湖南省,5
纯色山鹪莺,四川省,4
纯色山鹪莺,广西壮族自治区,3
纯色山鹪莺,海南省,3
纯色山鹪莺,河南省,2
纯色山鹪莺,湖北省,2
纯色山鹪莺,贵州省,2
纯色啄花鸟,云南省,10
纯色啄花鸟,福建省,1
纯色啄花鸟,广西壮族自治区,1
丛林鸦,云南省,3
翠金鹃,贵州省,7
翠金鹃,云南省,3
达乌里寒鸦,安徽省,12
达乌里寒鸦,江西省,8
达乌里寒鸦,北京市,7
达乌里寒鸦,青海省,6
达乌里寒鸦,浙江省,5
达乌里寒鸦,江苏省,4
达乌里寒鸦,内蒙古自治区,4
达乌里寒鸦,甘肃省,3
达乌里寒鸦,山东省,3
达乌里寒鸦,贵州省,1
达乌里寒鸦,四川省,1
达乌里寒鸦,福建省,1
达乌里寒鸦,上海市,1
达乌里寒鸦,河北省,1
大白鹭,上海市,908
大白鹭,福建省,888
大白鹭,江苏省,617
大白鹭,浙江省,494
大白鹭,安徽省,135
大白鹭,山东省,128
大白鹭,江西省,51
大白鹭,宁夏回族自治区,19
大白鹭,广东省,12
大白鹭,云南省,8
大白鹭,青海省,7
大白鹭,海南省,4
大白鹭,四川省,4
大白鹭,湖南省,3
大白鹭,河南省,2
大白鹭,陕西省,2
大白鹭,北京市,2
大白鹭,内蒙古自治区,1
大白鹭,湖北省,1
大白鹭,新疆维吾尔自治区,1
大白鹭,山西省,1
大白鹭,澳门特别行政区,1
大斑啄木鸟,江苏省,338
大斑啄木鸟,浙江省,201
大斑啄木鸟,上海市,188
大斑啄木鸟,山东省,112
大斑啄木鸟,安徽省,89
大斑啄木鸟,江西省,37
大斑啄木鸟,宁夏回族自治区,36
大斑啄木鸟,福建省,34
大斑啄木鸟,北京市,19
大斑啄木鸟,四川省,13
大斑啄木鸟,青海省,6
大斑啄木鸟,云南省,4
大斑啄木鸟,甘肃省,4
大斑啄木鸟,河南省,3
大斑啄木鸟,贵州省,3
大斑啄木鸟,内蒙古自治区,2
大斑啄木鸟,湖北省,2
大斑啄木鸟,辽宁省,1
大斑啄木鸟,陕西省,1
大斑啄木鸟,天津市,1
大鸨,山东省,5
大鸨,内蒙古自治区,2
大杓鹬,上海市,181
大杓鹬,江苏省,118
大杓鹬,福建省,70
大杓鹬,浙江省,46
大杓鹬,山东省,18
大杓鹬,内蒙古自治区,2
大杓鹬,江西省,1
大杓鹬,安徽省,1
大滨鹬,上海市,143
大滨鹬,江苏省,75
大滨鹬,福建省,58
大滨鹬,浙江省,43
大滨鹬,山东省,10
大滨鹬,青海省,1
大草鹛,西藏自治区,2
大杜鹃,上海市,245
大杜鹃,江苏省,195
大杜鹃,浙江省,92
大杜鹃,山东省,62
大杜鹃,安徽省,44
大杜鹃,福建省,16
大杜鹃,青海省,11
大杜鹃,贵州省,6
大杜鹃,内蒙古自治区,5
大杜鹃,河南省,4
大杜鹃,云南省,3
大杜鹃,江西省,3
大杜鹃,陕西省,2
大杜鹃,北京市,2
大杜鹃,宁夏回族自治区,2
大杜鹃,天津市,1
大杜鹃,四川省,1
大杜鹃,广东省,1
大短趾百灵,浙江省,1
大短趾百灵,青海省,1
大凤头燕鸥,福建省,71
大凤头燕鸥,浙江省,34
大凤头燕鸥,上海市,12
大红鹳,江苏省,9
大红鹳,内蒙古自治区,1
大黄冠啄木鸟,福建省,15
大黄冠啄木鸟,云南省,4
大黄冠啄木鸟,海南省,2
大灰啄木鸟,云南省,4
大金背啄木鸟,云南省,3
大鹃V,福建省,10
大鹃V,云南省,4
大鹃V,浙江省,3
大鹃V,江西省,2
大\,青海省,34
大\,上海市,27
大\,江苏省,15
大\,浙江省,8
大\,江西省,6
大\,山东省,6
大\,北京市,5
大\,内蒙古自治区,4
大\,四川省,2
大\,西藏自治区,1
大\,广东省,1
大绿雀鹎,云南省,4
大麻Z,上海市,198
大麻Z,江苏省,63
大麻Z,山东省,29
大麻Z,浙江省,18
大麻Z,江西省,14
大麻Z,北京市,3
大麻Z,安徽省,2
大麻Z,湖南省,1
大麻Z,甘肃省,1
大麻Z,贵州省,1
大拟啄木鸟,福建省,226
大拟啄木鸟,浙江省,204
大拟啄木鸟,云南省,16
大拟啄木鸟,江苏省,13
大拟啄木鸟,贵州省,12
大拟啄木鸟,广东省,11
大拟啄木鸟,江西省,10
大拟啄木鸟,安徽省,5
大拟啄木鸟,四川省,3
大拟啄木鸟,广西壮族自治区,1
大拟啄木鸟,海南省,1
大拟啄木鸟,上海市,1
大盘尾,云南省,11
大盘尾,海南省,5
大盘尾,广东省,1
大沙锥,上海市,29
大沙锥,江苏省,20
大沙锥,浙江省,16
大沙锥,江西省,5
大沙锥,安徽省,5
大沙锥,福建省,5
大沙锥,海南省,2
大沙锥,湖北省,1
大沙锥,广西壮族自治区,1
大山雀,上海市,41
大山雀,宁夏回族自治区,29
大山雀,福建省,27
大山雀,安徽省,23
大山雀,浙江省,18
大山雀,山东省,16
大山雀,广东省,9
大山雀,江西省,6
大山雀,江苏省,5
大山雀,四川省,4
大山雀,内蒙古自治区,2
大山雀,湖南省,2
大山雀,北京市,2
大山雀,青海省,2
大山雀,云南省,1
大山雀,陕西省,1
大山雀,甘肃省,1
大山雀,山西省,1
大山雀,广西壮族自治区,1
大石鸡,青海省,6
大石鸡,内蒙古自治区,1
大天鹅,山东省,34
大天鹅,江苏省,7
大天鹅,上海市,5
大天鹅,青海省,5
大天鹅,北京市,4
大天鹅,江西省,3
大天鹅,内蒙古自治区,2
大天鹅,湖北省,1
大天鹅,浙江省,1
大天鹅,河北省,1
大天鹅,宁夏回族自治区,1
大天鹅,福建省,1
大苇莺,云南省,1
大苇莺,上海市,1
大仙l,云南省,9
大噪鹛,四川省,3
大噪鹛,青海省,1
大朱雀,青海省,2
大紫胸鹦鹉,西藏自治区,1
大嘴乌鸦,浙江省,428
大嘴乌鸦,江苏省,46
大嘴乌鸦,四川省,24
大嘴乌鸦,安徽省,23
大嘴乌鸦,广东省,21
大嘴乌鸦,北京市,21
大嘴乌鸦,青海省,20
大嘴乌鸦,贵州省,15
大嘴乌鸦,上海市,11
大嘴乌鸦,云南省,10
大嘴乌鸦,福建省,7
大嘴乌鸦,江西省,6
大嘴乌鸦,河北省,5
大嘴乌鸦,内蒙古自治区,5
大嘴乌鸦,湖北省,5
大嘴乌鸦,山东省,2
大嘴乌鸦,陕西省,2
大嘴乌鸦,西藏自治区,1
大嘴乌鸦,吉林省,1
大嘴乌鸦,广西壮族自治区,1
大嘴乌鸦,甘肃省,1
大嘴乌鸦,宁夏回族自治区,1
戴菊,上海市,245
戴菊,山东省,71
戴菊,江苏省,70
戴菊,北京市,8
戴菊,宁夏回族自治区,6
戴菊,安徽省,4
戴菊,青海省,4
戴菊,浙江省,4
戴菊,湖北省,1
戴菊,辽宁省,1
戴胜,上海市,823
戴胜,江苏省,729
戴胜,山东省,212
戴胜,浙江省,160
戴胜,福建省,121
戴胜,安徽省,69
戴胜,青海省,29
戴胜,宁夏回族自治区,23
戴胜,江西省,20
戴胜,云南省,14
戴胜,北京市,9
戴胜,内蒙古自治区,7
戴胜,海南省,7
戴胜,湖南省,4
戴胜,甘肃省,3
戴胜,广东省,3
戴胜,陕西省,2
戴胜,辽宁省,1
戴胜,河南省,1
戴胜,西藏自治区,1
戴胜,湖北省,1
戴胜,贵州省,1
丹顶鹤,江苏省,24
丹顶鹤,山东省,17
丹顶鹤,内蒙古自治区,2
丹顶鹤,安徽省,1
丹顶鹤,宁夏回族自治区,1
淡黄腰柳莺,福建省,1
淡黄腰柳莺,上海市,1
淡黄腰柳莺,山东省,1
淡黄腰柳莺,云南省,1
淡黄腰柳莺,浙江省,1
淡脚柳莺,上海市,191
淡脚柳莺,江苏省,51
淡脚柳莺,浙江省,25
淡脚柳莺,福建省,23
淡脚柳莺,海南省,4
淡脚柳莺,安徽省,3
淡脚柳莺,山东省,2
淡脚柳莺,广东省,2
淡脚柳莺,广西壮族自治区,1
淡脚树莺,福建省,1
淡脚树莺,上海市,1
淡脚树莺,安徽省,1
淡绿V鹛,浙江省,23
淡绿V鹛,四川省,6
淡绿V鹛,安徽省,2
淡绿V鹛,福建省,2
淡绿V鹛,江西省,2
淡绿V鹛,上海市,1
淡眉柳莺,上海市,7
淡眉柳莺,青海省,4
淡眉柳莺,云南省,2
淡眉柳莺,浙江省,1
淡眉雀鹛,福建省,466
淡眉雀鹛,浙江省,378
淡眉雀鹛,江西省,63
淡眉雀鹛,江苏省,49
淡眉雀鹛,安徽省,20
淡眉雀鹛,广东省,15
淡眉雀鹛,广西壮族自治区,2
淡眉雀鹛,湖北省,1
淡眉雀鹛,海南省,1
淡色沙燕,福建省,52
淡色沙燕,浙江省,26
淡色沙燕,青海省,23
淡色沙燕,江西省,4
淡色沙燕,江苏省,2
淡色沙燕,湖北省,2
淡色沙燕,海南省,1
淡尾l莺,上海市,13
淡尾l莺,安徽省,2
淡尾l莺,江苏省,2
稻田苇莺,上海市,1
地山雀,青海省,28
地山雀,西藏自治区,1
地山雀,四川省,1
点斑林鸽,四川省,2
点胸鸦雀,福建省,32
点胸鸦雀,浙江省,11
点胸鸦雀,四川省,5
点胸鸦雀,云南省,2
靛冠噪鹛,江西省,40
雕^,浙江省,9
雕^,山东省,2
雕^,青海省,2
雕^,内蒙古自治区,1
东方白鹳,江苏省,99
东方白鹳,江西省,75
东方白鹳,山东省,65
东方白鹳,上海市,40
东方白鹳,安徽省,29
东方白鹳,浙江省,28
东方白鹳,云南省,2
东方白鹳,福建省,2
东方大苇莺,上海市,224
东方大苇莺,江苏省,96
东方大苇莺,浙江省,62
东方大苇莺,山东省,58
东方大苇莺,福建省,39
东方大苇莺,安徽省,13
东方大苇莺,江西省,4
东方大苇莺,甘肃省,2
东方大苇莺,北京市,2
东方大苇莺,天津市,1
东方大苇莺,陕西省,1
东方大苇莺,宁夏回族自治区,1
东方大苇莺,内蒙古自治区,1
东方a,江苏省,54
东方a,浙江省,39
东方a,上海市,12
东方a,福建省,10
东方a,江西省,6
东方a,安徽省,3
东方a,山东省,2
东方a,内蒙古自治区,2
东亚蝗莺,山东省,2
东亚蝗莺,上海市,1
董鸡,浙江省,13
董鸡,上海市,7
董鸡,安徽省,2
董鸡,江西省,2
董鸡,江苏省,1
董鸡,青海省,1
豆雁,江苏省,114
豆雁,浙江省,76
豆雁,江西省,61
豆雁,山东省,53
豆雁,上海市,36
豆雁,安徽省,34
豆雁,福建省,18
豆雁,北京市,3
豆雁,宁夏回族自治区,2
豆雁,河北省,1
豆雁,湖北省,1
豆雁,云南省,1
豆雁,内蒙古自治区,1
豆雁,青海省,1
豆雁,贵州省,1
渡鸦,青海省,14
渡鸦,内蒙古自治区,4
渡鸦,广东省,1
渡鸦,陕西省,1
短耳^,江苏省,14
短耳^,浙江省,13
短耳^,上海市,7
短耳^,山东省,5
短耳^,福建省,5
短耳^,河北省,2
短耳^,内蒙古自治区,1
短耳^,安徽省,1
短耳^,黑龙江省,1
短尾鹪鹛,广西壮族自治区,2
短尾鸦雀,浙江省,48
短尾鸦雀,福建省,17
短尾鸦雀,江西省,8
短尾鸦雀,安徽省,1
短尾贼鸥,上海市,2
短趾雕,内蒙古自治区,1
短嘴豆雁,江苏省,54
短嘴豆雁,浙江省,40
短嘴豆雁,江西省,37
短嘴豆雁,福建省,24
短嘴豆雁,上海市,21
短嘴豆雁,山东省,13
短嘴豆雁,安徽省,5
短嘴豆雁,青海省,1
短嘴豆雁,四川省,1
短嘴豆雁,内蒙古自治区,1
短嘴金丝燕,上海市,130
短嘴金丝燕,福建省,24
短嘴金丝燕,浙江省,24
短嘴金丝燕,江苏省,20
短嘴金丝燕,重庆市,5
短嘴金丝燕,湖北省,3
短嘴金丝燕,云南省,3
短嘴金丝燕,山东省,1
短嘴金丝燕,海南省,1
短嘴山椒鸟,四川省,1
短嘴山椒鸟,云南省,1
钝翅苇莺,贵州省,11
峨眉柳莺,四川省,1
峨眉l莺,四川省,2
峨眉l莺,贵州省,2
鹗,上海市,312
鹗,福建省,151
鹗,浙江省,113
鹗,江苏省,104
鹗,广东省,5
鹗,安徽省,4
鹗,云南省,2
鹗,山东省,2
鹗,广西壮族自治区,2
鹗,内蒙古自治区,1
鹗,甘肃省,1
二斑百灵,青海省,1
二斑百灵,内蒙古自治区,1
二斑百灵,广东省,1
发冠卷尾,浙江省,214
发冠卷尾,江苏省,111
发冠卷尾,福建省,72
发冠卷尾,上海市,62
发冠卷尾,安徽省,46
发冠卷尾,江西省,11
发冠卷尾,云南省,9
发冠卷尾,河南省,9
发冠卷尾,山东省,4
发冠卷尾,广东省,3
发冠卷尾,四川省,2
发冠卷尾,重庆市,1
发冠卷尾,湖北省,1
发冠卷尾,海南省,1
帆背潜鸭,上海市,2
帆背潜鸭,内蒙古自治区,1
翻石鹬,福建省,125
翻石鹬,江苏省,74
翻石鹬,上海市,60
翻石鹬,浙江省,49
翻石鹬,山东省,12
翻石鹬,安徽省,1
反嘴鹬,江苏省,303
反嘴鹬,上海市,298
反嘴鹬,福建省,277
反嘴鹬,浙江省,166
反嘴鹬,山东省,69
反嘴鹬,江西省,50
反嘴鹬,安徽省,32
反嘴鹬,广东省,8
反嘴鹬,青海省,5
反嘴鹬,宁夏回族自治区,4
反嘴鹬,内蒙古自治区,3
反嘴鹬,四川省,2
反嘴鹬,北京市,1
反嘴鹬,云南省,1
反嘴鹬,湖北省,1
方尾l,云南省,35
方尾l,贵州省,12
方尾l,四川省,7
方尾l,江苏省,7
方尾l,上海市,4
方尾l,河南省,3
方尾l,湖北省,3
方尾l,江西省,2
方尾l,广东省,2
方尾l,浙江省,2
方尾l,安徽省,1
方尾l,福建省,1
方尾l,海南省,1
方尾l,广西壮族自治区,1
粉红腹岭雀,内蒙古自治区,1
粉红椋鸟,上海市,4
粉红椋鸟,福建省,3
粉红椋鸟,浙江省,1
粉红山椒鸟,云南省,3
粉红山椒鸟,贵州省,1
粉红胸鹨,江西省,13
粉红胸鹨,青海省,10
粉红胸鹨,四川省,9
粉红胸鹨,浙江省,9
粉红胸鹨,福建省,8
粉红胸鹨,上海市,3
粉红胸鹨,贵州省,2
粉红胸鹨,云南省,2
粉红胸鹨,河北省,1
粉红燕鸥,福建省,29
粉红燕鸥,浙江省,21
粉红燕鸥,上海市,1
凤头百灵,青海省,6
凤头百灵,内蒙古自治区,5
凤头百灵,广东省,1
凤头蜂鹰,江苏省,107
凤头蜂鹰,浙江省,49
凤头蜂鹰,上海市,26
凤头蜂鹰,安徽省,13
凤头蜂鹰,福建省,8
凤头蜂鹰,云南省,8
凤头蜂鹰,江西省,6
凤头蜂鹰,广西壮族自治区,4
凤头蜂鹰,山东省,4
凤头蜂鹰,宁夏回族自治区,2
凤头蜂鹰,贵州省,2
凤头蜂鹰,湖北省,2
凤头蜂鹰,海南省,1
凤头蜂鹰,青海省,1
凤头蜂鹰,内蒙古自治区,1
凤头麦鸡,江苏省,203
凤头麦鸡,上海市,123
凤头麦鸡,浙江省,83
凤头麦鸡,江西省,78
凤头麦鸡,福建省,55
凤头麦鸡,安徽省,43
凤头麦鸡,山东省,12
凤头麦鸡,内蒙古自治区,5
凤头麦鸡,湖南省,2
凤头麦鸡,四川省,2
凤头麦鸡,北京市,2
凤头麦鸡,贵州省,1
凤头麦鸡,湖北省,1
凤头潜鸭,上海市,576
凤头潜鸭,江苏省,239
凤头潜鸭,浙江省,155
凤头潜鸭,福建省,139
凤头潜鸭,安徽省,27
凤头潜鸭,江西省,17
凤头潜鸭,山东省,15
凤头潜鸭,四川省,8
凤头潜鸭,广东省,6
凤头潜鸭,云南省,2
凤头潜鸭,内蒙古自治区,2
凤头潜鸭,北京市,1
凤头潜鸭,青海省,1
凤头雀嘴鹎,云南省,15
凤头树燕,云南省,6
凤头c,浙江省,47
凤头c,福建省,37
凤头c,江苏省,3
凤头c,江西省,3
凤头c,云南省,2
凤头c,安徽省,2
凤头c,广西壮族自治区,2
凤头c,贵州省,1
凤头c,青海省,1
凤头鹰,江苏省,410
凤头鹰,上海市,359
凤头鹰,浙江省,346
凤头鹰,福建省,257
凤头鹰,安徽省,51
凤头鹰,江西省,48
凤头鹰,云南省,10
凤头鹰,四川省,3
凤头鹰,河南省,2
凤头鹰,湖北省,2
凤头鹰,广东省,2
凤头鹰,内蒙古自治区,1
凤头鹰,海南省,1
凤头鹰,贵州省,1
凤头鹰雕,内蒙古自治区,1
凤头鹰雕,安徽省,1
凤头鹰雕,上海市,1
甘肃柳莺,青海省,10
甘肃柳莺,甘肃省,3
高山短翅莺,福建省,70
高山短翅莺,浙江省,8
高山短翅莺,安徽省,1
高山岭雀,四川省,4
高山岭雀,青海省,3
高山兀鹫,青海省,38
高山兀鹫,四川省,4
高山兀鹫,云南省,3
高山兀鹫,广东省,1
高山兀鹫,西藏自治区,1
高山兀鹫,内蒙古自治区,1
高山旋木雀,云南省,4
高山旋木雀,四川省,2
高原山鹑,青海省,4
高原山鹑,西藏自治区,1
戈氏金丝燕,福建省,1
戈氏岩c,青海省,7
戈氏岩c,云南省,6
戈氏岩c,北京市,5
戈氏岩c,甘肃省,2
戈氏岩c,西藏自治区,2
歌百灵,广东省,1
歌百灵,上海市,1
钩嘴林V,福建省,82
钩嘴林V,云南省,3
钩嘴林V,广西壮族自治区,1
钩嘴林V,江西省,1
钩嘴圆尾鹱,内蒙古自治区,1
孤沙锥,山东省,1
孤沙锥,内蒙古自治区,1
孤沙锥,北京市,1
古铜色卷尾,云南省,23
古铜色卷尾,海南省,2
古铜色卷尾,福建省,1
骨顶鸡,上海市,951
骨顶鸡,江苏省,683
骨顶鸡,浙江省,357
骨顶鸡,福建省,261
骨顶鸡,山东省,226
骨顶鸡,安徽省,86
骨顶鸡,江西省,47
骨顶鸡,宁夏回族自治区,25
骨顶鸡,四川省,14
骨顶鸡,青海省,13
骨顶鸡,北京市,12
骨顶鸡,云南省,7
骨顶鸡,湖南省,5
骨顶鸡,贵州省,3
骨顶鸡,陕西省,3
骨顶鸡,内蒙古自治区,3
骨顶鸡,甘肃省,3
骨顶鸡,湖北省,2
骨顶鸡,西藏自治区,1
骨顶鸡,海南省,1
骨顶鸡,广东省,1
骨顶鸡,辽宁省,1
冠斑犀鸟,云南省,4
冠斑犀鸟,广西壮族自治区,1
冠麻鸭,内蒙古自治区,1
冠麻鸭,江苏省,1
冠纹柳莺,上海市,42
冠纹柳莺,贵州省,10
冠纹柳莺,浙江省,6
冠纹柳莺,安徽省,4
冠纹柳莺,四川省,2
冠纹柳莺,江西省,1
冠纹柳莺,福建省,1
冠纹柳莺,广西壮族自治区,1
冠纹柳莺,山东省,1
冠小嘴乌鸦,青海省,1
冠鱼狗,浙江省,65
冠鱼狗,福建省,53
冠鱼狗,江西省,24
冠鱼狗,安徽省,16
冠鱼狗,河南省,8
冠鱼狗,四川省,6
冠鱼狗,江苏省,5
冠鱼狗,山东省,5
冠鱼狗,北京市,4
冠鱼狗,陕西省,3
冠鱼狗,云南省,2
冠鱼狗,重庆市,2
冠鱼狗,河北省,2
冠鱼狗,广东省,1
鹳嘴翡翠,云南省,1
海鸬鹚,上海市,1
海鸬鹚,内蒙古自治区,1
海鸬鹚,山东省,1
海南Z,福建省,3
海南Z,浙江省,1
海南孔雀雉,内蒙古自治区,1
海南蓝仙l,福建省,77
海南蓝仙l,广东省,5
海南蓝仙l,云南省,4
海南蓝仙l,海南省,4
海南蓝仙l,江西省,1
海南柳莺,海南省,5
海南山鹧鸪,海南省,3
海鸥,上海市,20
海鸥,山东省,11
海鸥,江苏省,10
海鸥,福建省,6
海鸥,四川省,4
海鸥,北京市,1
海鸥,浙江省,1
寒鸦,青海省,1
寒鸦,四川省,1
和平鸟,云南省,2
河乌,青海省,15
河乌,四川省,2
贺兰山红尾鸲,青海省,4
贺兰山红尾鸲,宁夏回族自治区,3
褐背lV,云南省,7
褐背lV,广西壮族自治区,1
褐翅叉尾海燕,内蒙古自治区,1
褐翅雪雀,青海省,10
褐翅雪雀,西藏自治区,1
褐翅鸦鹃,福建省,767
褐翅鸦鹃,云南省,21
褐翅鸦鹃,广东省,15
褐翅鸦鹃,海南省,7
褐翅鸦鹃,江西省,4
褐翅鸦鹃,广西壮族自治区,2
褐翅鸦鹃,浙江省,1
褐翅鸦雀,云南省,2
褐翅燕鸥,浙江省,37
褐翅燕鸥,福建省,16
褐翅燕鸥,上海市,13
褐翅燕鸥,江苏省,1
褐翅燕鸥,广东省,1
褐顶雀鹛,福建省,28
褐顶雀鹛,浙江省,13
褐顶雀鹛,江西省,3
褐顶雀鹛,安徽省,3
褐顶雀鹛,四川省,2
褐顶雀鹛,海南省,1
褐顶雀鹛,广西壮族自治区,1
褐顶雀鹛,云南省,1
褐耳鹰,云南省,3
褐耳鹰,广西壮族自治区,2
褐耳鹰,海南省,1
褐耳鹰,内蒙古自治区,1
褐冠鹃隼,广西壮族自治区,3
褐冠鹃隼,内蒙古自治区,1
褐冠鹃隼,云南省,1
褐冠山雀,湖北省,3
褐冠山雀,四川省,1
褐冠山雀,甘肃省,1
褐冠山雀,青海省,1
褐河乌,浙江省,98
褐河乌,福建省,43
褐河乌,安徽省,35
褐河乌,江西省,30
褐河乌,四川省,17
褐河乌,重庆市,6
褐河乌,湖北省,3
褐河乌,北京市,3
褐河乌,陕西省,2
褐河乌,江苏省,1
褐河乌,广东省,1
褐河乌,上海市,1
褐河乌,西藏自治区,1
褐河乌,云南省,1
褐喉沙燕,云南省,15
褐喉沙燕,福建省,1
褐喉旋木雀,云南省,1
褐灰雀,浙江省,10
褐脸雀鹛,云南省,5
褐林^,浙江省,22
褐林^,福建省,10
褐林^,江西省,3
褐林^,海南省,2
褐林^,云南省,2
褐柳莺,福建省,345
褐柳莺,上海市,173
褐柳莺,江苏省,159
褐柳莺,浙江省,45
褐柳莺,江西省,37
褐柳莺,安徽省,33
褐柳莺,山东省,24
褐柳莺,云南省,11
褐柳莺,广东省,6
褐柳莺,甘肃省,4
褐柳莺,四川省,3
褐柳莺,广西壮族自治区,2
褐柳莺,湖北省,2
褐柳莺,湖南省,2
褐柳莺,海南省,1
褐柳莺,内蒙古自治区,1
褐柳莺,北京市,1
褐马鸡,内蒙古自治区,1
褐头鸫,宁夏回族自治区,1
褐头凤鹛,浙江省,1
褐头雀鹛,云南省,2
褐头雀鹛,福建省,1
褐头雀鹛,四川省,1
褐头山雀,青海省,6
褐头山雀,内蒙古自治区,4
褐头山雀,北京市,4
褐头山雀,甘肃省,2
褐头山雀,山东省,1
褐头山雀,河北省,1
褐头山雀,四川省,1
褐头山雀,河南省,1
褐头山雀,辽宁省,1
褐胁雀鹛,云南省,11
褐胁雀鹛,贵州省,2
褐胸山鹧鸪,广西壮族自治区,1
褐胸l,上海市,21
褐胸l,福建省,13
褐胸l,贵州省,2
褐胸l,云南省,1
褐胸l,浙江省,1
褐鸦雀,云南省,1
褐岩鹨,青海省,12
褐岩鹨,西藏自治区,2
褐燕鹱,浙江省,5
褐燕鹱,福建省,2
褐燕鹱,江苏省,1
褐渔^,云南省,2
鹤鹬,江苏省,435
鹤鹬,上海市,405
鹤鹬,浙江省,170
鹤鹬,福建省,165
鹤鹬,江西省,64
鹤鹬,安徽省,56
鹤鹬,山东省,36
鹤鹬,广东省,3
鹤鹬,湖南省,2
鹤鹬,四川省,2
鹤鹬,海南省,1
鹤鹬,湖北省,1
鹤鹬,贵州省,1
黑背燕尾,云南省,1
黑背燕尾,福建省,1
黑背燕尾,浙江省,1
黑背紫水鸡,福建省,96
黑叉尾海燕,浙江省,7
黑叉尾海燕,福建省,5
黑叉尾海燕,山东省,2
黑翅长脚鹬,江苏省,456
黑翅长脚鹬,上海市,438
黑翅长脚鹬,福建省,310
黑翅长脚鹬,浙江省,233
黑翅长脚鹬,山东省,79
黑翅长脚鹬,安徽省,39
黑翅长脚鹬,江西省,24
黑翅长脚鹬,广东省,8
黑翅长脚鹬,青海省,7
黑翅长脚鹬,宁夏回族自治区,6
黑翅长脚鹬,内蒙古自治区,5
黑翅长脚鹬,湖北省,2
黑翅长脚鹬,甘肃省,1
黑翅长脚鹬,北京市,1
黑翅长脚鹬,海南省,1
黑翅雀鹎,云南省,20
黑翅鸢,上海市,250
黑翅鸢,福建省,247
黑翅鸢,江苏省,219
黑翅鸢,浙江省,168
黑翅鸢,山东省,84
黑翅鸢,江西省,34
黑翅鸢,安徽省,21
黑翅鸢,云南省,10
黑翅鸢,海南省,4
黑翅鸢,广东省,3
黑翅鸢,广西壮族自治区,2
黑翅鸢,内蒙古自治区,1
黑翅鸢,河北省,1
黑顶麻雀,内蒙古自治区,2
黑顶麻雀,宁夏回族自治区,1
黑顶麻雀,云南省,1
黑顶蟆口鸱,云南省,2
黑顶奇鹛,云南省,1
黑顶噪鹛,四川省,10
黑顶噪鹛,云南省,2
黑短脚鹎,浙江省,889
黑短脚鹎,福建省,683
黑短脚鹎,江苏省,251
黑短脚鹎,安徽省,50
黑短脚鹎,江西省,43
黑短脚鹎,上海市,27
黑短脚鹎,云南省,14
黑短脚鹎,四川省,5
黑短脚鹎,广东省,5
黑短脚鹎,河南省,4
黑短脚鹎,湖北省,2
黑短脚鹎,湖南省,1
黑额山噪鹛,甘肃省,1
黑额树鹊,云南省,3
黑额树鹊,广东省,1
黑腹滨鹬,上海市,590
黑腹滨鹬,福建省,250
黑腹滨鹬,江苏省,246
黑腹滨鹬,浙江省,167
黑腹滨鹬,山东省,32
黑腹滨鹬,安徽省,18
黑腹滨鹬,江西省,5
黑腹滨鹬,广东省,4
黑冠黄鹎,云南省,24
黑冠黄鹎,广西壮族自治区,1
黑冠Z,福建省,13
黑冠Z,浙江省,1
黑冠鹃隼,福建省,32
黑冠鹃隼,江西省,22
黑冠鹃隼,浙江省,20
黑冠鹃隼,河南省,12
黑冠鹃隼,江苏省,10
黑冠鹃隼,安徽省,6
黑冠鹃隼,广西壮族自治区,3
黑冠鹃隼,上海市,2
黑冠鹃隼,四川省,2
黑冠鹃隼,内蒙古自治区,1
黑冠鹃隼,湖南省,1
黑冠山雀,四川省,2
黑冠山雀,云南省,2
黑冠山雀,青海省,1
黑冠山雀,甘肃省,1
黑鹳,江西省,9
黑鹳,安徽省,8
黑鹳,北京市,5
黑鹳,浙江省,3
黑鹳,上海市,3
黑鹳,河北省,2
黑鹳,福建省,2
黑鹳,天津市,1
黑鹳,青海省,1
黑鹳,江苏省,1
黑海番鸭,上海市,75
黑海番鸭,山东省,6
黑海番鸭,内蒙古自治区,1
黑喉缝叶莺,云南省,6
黑喉歌鸲,云南省,1
黑喉红臀鹎,云南省,40
黑喉红臀鹎,福建省,6
黑喉红臀鹎,广东省,2
黑喉红臀鹎,上海市,1
黑喉红臀鹎,海南省,1
黑喉红尾鸲,青海省,21
黑喉红尾鸲,四川省,6
黑喉红尾鸲,甘肃省,1
黑喉红尾鸲,西藏自治区,1
黑喉红尾鸲,湖北省,1
黑喉潜鸟,山东省,5
黑喉潜鸟,江苏省,2
黑喉潜鸟,上海市,2
黑喉潜鸟,北京市,1
黑喉潜鸟,四川省,1
黑喉潜鸟,浙江省,1
黑喉山鹪莺,福建省,36
黑喉山鹪莺,云南省,8
黑喉山鹪莺,广西壮族自治区,1
黑喉山雀,湖北省,3
黑喉山雀,四川省,1
黑喉雪雀,青海省,6
黑喉噪鹛,福建省,35
黑喉噪鹛,广东省,17
黑喉噪鹛,浙江省,5
黑喉噪鹛,云南省,4
黑喉噪鹛,海南省,4
黑喉噪鹛,广西壮族自治区,2
黑Z,江苏省,101
黑Z,浙江省,51
黑Z,江西省,22
黑Z,安徽省,17
黑Z,上海市,10
黑Z,福建省,5
黑Z,海南省,1
黑颈鸫,宁夏回族自治区,13
黑颈鸫,山东省,4
黑颈鸫,江苏省,1
黑颈鸫,西藏自治区,1
黑颈鹤,青海省,14
黑颈鹤,西藏自治区,2
黑颈鹤,贵州省,1
黑颈鹤,内蒙古自治区,1
黑颈鹤,广东省,1
黑颈鹤,四川省,1
黑颈鸬鹚,云南省,1
黑颈鸬鹚,福建省,1
黑颈鸬鹚,江苏省,1
黑卷尾,江苏省,404
黑卷尾,浙江省,212
黑卷尾,福建省,183
黑卷尾,上海市,158
黑卷尾,安徽省,116
黑卷尾,山东省,55
黑卷尾,云南省,26
黑卷尾,江西省,25
黑卷尾,河南省,7
黑卷尾,贵州省,4
黑卷尾,湖北省,4
黑卷尾,广东省,3
黑卷尾,湖南省,3
黑卷尾,海南省,3
黑卷尾,北京市,1
黑卷尾,重庆市,1
黑卷尾,广西壮族自治区,1
黑卷尾,四川省,1
黑卷尾,陕西省,1
黑颏凤鹛,福建省,39
黑颏凤鹛,浙江省,37
黑颏凤鹛,江西省,8
黑颏凤鹛,贵州省,7
黑颏凤鹛,四川省,3
黑颏凤鹛,广西壮族自治区,1
黑颏凤鹛,河南省,1
黑脸琵鹭,上海市,361
黑脸琵鹭,福建省,175
黑脸琵鹭,浙江省,119
黑脸琵鹭,江苏省,92
黑脸琵鹭,广东省,8
黑脸琵鹭,安徽省,7
黑脸琵鹭,江西省,4
黑脸琵鹭,海南省,2
黑脸琵鹭,山东省,1
黑脸l莺,云南省,2
黑脸噪鹛,江苏省,1151
黑脸噪鹛,福建省,730
黑脸噪鹛,浙江省,464
黑脸噪鹛,安徽省,214
黑脸噪鹛,上海市,190
黑脸噪鹛,江西省,115
黑脸噪鹛,广东省,16
黑脸噪鹛,湖南省,12
黑脸噪鹛,河南省,9
黑脸噪鹛,湖北省,7
黑脸噪鹛,广西壮族自治区,2
黑脸噪鹛,云南省,1
黑脸噪鹛,四川省,1
黑领椋鸟,福建省,948
黑领椋鸟,上海市,634
黑领椋鸟,江苏省,237
黑领椋鸟,浙江省,170
黑领椋鸟,江西省,136
黑领椋鸟,安徽省,77
黑领椋鸟,广东省,22
黑领椋鸟,海南省,6
黑领椋鸟,湖南省,4
黑领椋鸟,重庆市,1
黑领椋鸟,云南省,1
黑领噪鹛,福建省,180
黑领噪鹛,江苏省,137
黑领噪鹛,浙江省,58
黑领噪鹛,广东省,13
黑领噪鹛,江西省,10
黑领噪鹛,安徽省,7
黑领噪鹛,上海市,7
黑领噪鹛,湖南省,3
黑领噪鹛,海南省,2
黑领噪鹛,山东省,1
黑眉长尾山雀,云南省,4
黑眉长尾山雀,贵州省,1
黑眉长尾山雀,福建省,1
黑眉柳莺,上海市,46
黑眉柳莺,浙江省,26
黑眉柳莺,福建省,11
黑眉柳莺,江西省,5
黑眉柳莺,安徽省,4
黑眉柳莺,江苏省,2
黑眉柳莺,贵州省,1
黑眉柳莺,四川省,1
黑眉柳莺,山东省,1
黑眉拟啄木鸟,福建省,85
黑眉拟啄木鸟,浙江省,44
黑眉拟啄木鸟,海南省,7
黑眉拟啄木鸟,江西省,3
黑眉拟啄木鸟,广东省,1
黑眉拟啄木鸟,广西壮族自治区,1
黑眉苇莺,上海市,50
黑眉苇莺,江苏省,44
黑眉苇莺,山东省,18
黑眉苇莺,浙江省,16
黑眉苇莺,福建省,11
黑眉苇莺,安徽省,6
黑眉苇莺,海南省,2
黑眉苇莺,江西省,2
黑眉苇莺,陕西省,1
黑琴鸡,内蒙古自治区,4
黑水鸡,江苏省,1852
黑水鸡,上海市,1730
黑水鸡,浙江省,1130
黑水鸡,福建省,851
黑水鸡,安徽省,286
黑水鸡,山东省,220
黑水鸡,江西省,155
黑水鸡,云南省,20
黑水鸡,广东省,13
黑水鸡,四川省,13
黑水鸡,北京市,13
黑水鸡,湖南省,8
黑水鸡,宁夏回族自治区,7
黑水鸡,湖北省,6
黑水鸡,河南省,5
黑水鸡,海南省,3
黑水鸡,甘肃省,2
黑水鸡,河北省,1
黑水鸡,陕西省,1
黑水鸡,广西壮族自治区,1
黑水鸡,贵州省,1
黑头鹎,云南省,1
黑头黄鹂,云南省,5
黑头角雉,内蒙古自治区,1
黑头金翅雀,云南省,18
黑头金翅雀,贵州省,2
黑头蜡嘴雀,江苏省,67
黑头蜡嘴雀,上海市,51
黑头蜡嘴雀,浙江省,33
黑头蜡嘴雀,安徽省,6
黑头蜡嘴雀,福建省,6
黑头蜡嘴雀,北京市,1
黑头蜡嘴雀,四川省,1
黑头蜡嘴雀,山东省,1
黑头奇鹛,云南省,19
黑头奇鹛,贵州省,8
黑头奇鹛,重庆市,3
黑头穗鹛,云南省,7
黑头穗鹛,广西壮族自治区,3
黑头c,福建省,3
黑头噪鸦,青海省,1
黑尾塍鹬,上海市,331
黑尾塍鹬,江苏省,155
黑尾塍鹬,浙江省,90
黑尾塍鹬,福建省,82
黑尾塍鹬,山东省,38
黑尾塍鹬,江西省,14
黑尾塍鹬,青海省,6
黑尾塍鹬,安徽省,5
黑尾塍鹬,广东省,2
黑尾塍鹬,内蒙古自治区,2
黑尾塍鹬,海南省,2
黑尾地鸦,青海省,8
黑尾地鸦,内蒙古自治区,4
黑尾蜡嘴雀,上海市,1519
黑尾蜡嘴雀,江苏省,1384
黑尾蜡嘴雀,浙江省,415
黑尾蜡嘴雀,福建省,205
黑尾蜡嘴雀,安徽省,190
黑尾蜡嘴雀,山东省,115
黑尾蜡嘴雀,江西省,77
黑尾蜡嘴雀,湖南省,14
黑尾蜡嘴雀,北京市,7
黑尾蜡嘴雀,四川省,3
黑尾蜡嘴雀,湖北省,2
黑尾蜡嘴雀,重庆市,1
黑尾蜡嘴雀,河南省,1
黑尾蜡嘴雀,贵州省,1
黑尾蜡嘴雀,山西省,1
黑尾鸥,上海市,171
黑尾鸥,浙江省,165
黑尾鸥,福建省,126
黑尾鸥,江苏省,114
黑尾鸥,山东省,61
黑尾鸥,广东省,2
黑尾鸥,四川省,1
黑尾鸥,北京市,1
黑兀鹫,内蒙古自治区,1
黑鹇,云南省,2
黑鹇,江苏省,1
黑鹇,内蒙古自治区,1
黑胸鸫,云南省,19
黑胸鸫,贵州省,2
黑胸鸫,重庆市,1
黑胸歌鸲,云南省,1
黑胸麻雀,浙江省,1
黑胸麻雀,江苏省,1
黑胸山鹪莺,云南省,1
黑胸太阳鸟,云南省,7
黑胸太阳鸟,广西壮族自治区,1
黑雁,浙江省,6
黑雁,山东省,4
黑雁,江苏省,3
黑雁,福建省,2
黑雁,广东省,2
黑雁,内蒙古自治区,1
黑雁,湖南省,1
黑腰滨鹬,浙江省,1
黑鸢,江苏省,296
黑鸢,福建省,190
黑鸢,浙江省,164
黑鸢,上海市,46
黑鸢,安徽省,43
黑鸢,青海省,8
黑鸢,广东省,7
黑鸢,江西省,5
黑鸢,湖北省,5
黑鸢,内蒙古自治区,5
黑鸢,云南省,4
黑鸢,广西壮族自治区,2
黑鸢,河南省,2
黑鸢,山东省,2
黑鸢,四川省,1
黑鸢,海南省,1
黑枕黄鹂,上海市,226
黑枕黄鹂,江苏省,193
黑枕黄鹂,浙江省,73
黑枕黄鹂,安徽省,43
黑枕黄鹂,山东省,32
黑枕黄鹂,福建省,22
黑枕黄鹂,河南省,8
黑枕黄鹂,江西省,6
黑枕黄鹂,广东省,2
黑枕黄鹂,陕西省,2
黑枕黄鹂,青海省,1
黑枕黄鹂,广西壮族自治区,1
黑枕王l,福建省,17
黑枕王l,云南省,15
黑枕王l,广西壮族自治区,3
黑枕王l,广东省,2
黑枕王l,海南省,2
黑枕燕鸥,福建省,44
黑枕燕鸥,浙江省,32
黑枕燕鸥,江西省,2
黑枕燕鸥,广东省,1
黑枕燕鸥,上海市,1
黑啄木鸟,内蒙古自治区,2
黑嘴鸥,江苏省,126
黑嘴鸥,福建省,114
黑嘴鸥,山东省,57
黑嘴鸥,上海市,56
黑嘴鸥,浙江省,55
黑嘴鸥,江西省,2
黑嘴松鸡,内蒙古自治区,2
红背伯劳,浙江省,3
红背伯劳,上海市,1
红背伯劳,福建省,1
红背红尾鸲,安徽省,1
红翅凤头鹃,福建省,76
红翅凤头鹃,江苏省,51
红翅凤头鹃,浙江省,27
红翅凤头鹃,河南省,6
红翅凤头鹃,安徽省,6
红翅凤头鹃,广东省,4
红翅凤头鹃,上海市,4
红翅凤头鹃,江西省,2
红翅凤头鹃,山东省,1
红翅V鹛,福建省,14
红翅V鹛,江西省,11
红翅V鹛,浙江省,9
红翅V鹛,云南省,8
红翅V鹛,四川省,4
红翅V鹛,广西壮族自治区,1
红翅V鹛,安徽省,1
红翅绿鸠,上海市,30
红翅绿鸠,贵州省,7
红翅绿鸠,江苏省,7
红翅绿鸠,重庆市,1
红翅绿鸠,江西省,1
红翅薮鹛,云南省,7
红翅薮鹛,广西壮族自治区,1
红翅旋壁雀,北京市,5
红翅旋壁雀,青海省,3
红翅旋壁雀,四川省,2
红顶鹛,广西壮族自治区,1
红顶鹛,云南省,1
红额金翅雀,福建省,1
红耳鹎,福建省,906
红耳鹎,江苏省,58
红耳鹎,广东省,53
红耳鹎,云南省,45
红耳鹎,上海市,19
红耳鹎,浙江省,15
红耳鹎,广西壮族自治区,9
红耳鹎,海南省,6
红耳鹎,江西省,4
红耳鹎,澳门特别行政区,1
红耳鹎,贵州省,1
红耳鹎,山东省,1
红腹滨鹬,上海市,85
红腹滨鹬,福建省,58
红腹滨鹬,浙江省,41
红腹滨鹬,江苏省,37
红腹滨鹬,山东省,10
红腹滨鹬,江西省,3
红腹滨鹬,安徽省,2
红腹红尾鸲,青海省,10
红腹红尾鸲,四川省,3
红腹红尾鸲,山东省,1
红腹红尾鸲,北京市,1
红腹灰雀,江苏省,6
红腹灰雀,山东省,4
红腹灰雀,内蒙古自治区,4
红腹角雉,贵州省,2
红腹角雉,四川省,1
红腹角雉,内蒙古自治区,1
红腹锦鸡,四川省,8
红腹锦鸡,贵州省,3
红腹锦鸡,湖北省,1
红腹锦鸡,安徽省,1
红腹锦鸡,上海市,1
红腹山雀,山东省,1
红腹山雀,江苏省,1
红腹山雀,重庆市,1
红腹山雀,福建省,1
红喉歌鸲,上海市,112
红喉歌鸲,福建省,61
红喉歌鸲,浙江省,34
红喉歌鸲,江苏省,22
红喉歌鸲,青海省,10
红喉歌鸲,山东省,4
红喉歌鸲,江西省,2
红喉歌鸲,甘肃省,1
红喉歌鸲,湖南省,1
红喉姬l,上海市,42
红喉姬l,山东省,21
红喉姬l,江苏省,19
红喉姬l,福建省,17
红喉姬l,安徽省,12
红喉姬l,云南省,12
红喉姬l,浙江省,8
红喉姬l,北京市,3
红喉姬l,湖北省,1
红喉姬l,海南省,1
红喉姬l,广东省,1
红喉姬l,湖南省,1
红喉鹨,福建省,101
红喉鹨,江苏省,74
红喉鹨,浙江省,69
红喉鹨,上海市,60
红喉鹨,江西省,14
红喉鹨,山东省,6
红喉鹨,海南省,2
红喉鹨,安徽省,1
红喉鹨,湖北省,1
红喉潜鸟,上海市,26
红喉潜鸟,江苏省,13
红喉潜鸟,山东省,7
红喉潜鸟,福建省,4
红喉潜鸟,浙江省,3
红喉山鹧鸪,云南省,3
红交嘴雀,青海省,4
红交嘴雀,江苏省,3
红交嘴雀,北京市,1
红交嘴雀,甘肃省,1
红交嘴雀,山东省,1
红交嘴雀,浙江省,1
红交嘴雀,黑龙江省,1
红角^,浙江省,52
红角^,江苏省,36
红角^,上海市,34
红角^,福建省,19
红角^,安徽省,16
红角^,河南省,10
红角^,贵州省,5
红角^,山东省,4
红角^,江西省,3
红角^,陕西省,1
红角^,北京市,1
红脚鲣鸟,海南省,1
红脚苦恶鸟,浙江省,129
红脚苦恶鸟,江苏省,93
红脚苦恶鸟,江西省,74
红脚苦恶鸟,福建省,65
红脚苦恶鸟,安徽省,47
红脚苦恶鸟,上海市,3
红脚苦恶鸟,湖南省,2
红脚苦恶鸟,四川省,2
红脚苦恶鸟,广西壮族自治区,2
红脚苦恶鸟,湖北省,1
红脚苦恶鸟,河南省,1
红脚苦恶鸟,广东省,1
红脚隼,江苏省,126
红脚隼,浙江省,40
红脚隼,福建省,20
红脚隼,上海市,19
红脚隼,安徽省,19
红脚隼,山东省,15
红脚隼,内蒙古自治区,4
红脚隼,广西壮族自治区,3
红脚隼,江西省,2
红脚隼,湖南省,1
红脚隼,宁夏回族自治区,1
红脚鹬,上海市,280
红脚鹬,福建省,143
红脚鹬,江苏省,115
红脚鹬,浙江省,89
红脚鹬,青海省,20
红脚鹬,江西省,18
红脚鹬,山东省,15
红脚鹬,广东省,4
红脚鹬,内蒙古自治区,4
红脚鹬,安徽省,4
红脚鹬,云南省,1
红脚鹬,广西壮族自治区,1
红脚鹬,宁夏回族自治区,1
红脚鹬,四川省,1
红颈瓣蹼鹬,上海市,35
红颈瓣蹼鹬,江苏省,26
红颈瓣蹼鹬,福建省,15
红颈瓣蹼鹬,浙江省,12
红颈瓣蹼鹬,内蒙古自治区,1
红颈滨鹬,上海市,496
红颈滨鹬,江苏省,227
红颈滨鹬,福建省,180
红颈滨鹬,浙江省,130
红颈滨鹬,山东省,17
红颈滨鹬,安徽省,1
红颈滨鹬,江西省,1
红颈苇c,上海市,27
红颈苇c,浙江省,18
红颈苇c,江苏省,11
红颈苇c,山东省,2
红颈苇c,江西省,2
红颈苇c,安徽省,1
红颈苇c,湖北省,1
红脸鸬鹚,福建省,1
红领绿鹦鹉,云南省,2
红眉金翅雀,重庆市,1
红眉朱雀,青海省,1
红眉朱雀,内蒙古自治区,1
红梅花雀,云南省,1
红隼,上海市,697
红隼,江苏省,590
红隼,浙江省,336
红隼,福建省,192
红隼,山东省,111
红隼,江西省,43
红隼,宁夏回族自治区,35
红隼,安徽省,34
红隼,青海省,21
红隼,北京市,17
红隼,云南省,7
红隼,内蒙古自治区,7
红隼,贵州省,4
红隼,广东省,3
红隼,广西壮族自治区,2
红隼,湖北省,1
红隼,河南省,1
红隼,河北省,1
红隼,海南省,1
红隼,湖南省,1
红隼,甘肃省,1
红隼,四川省,1
红头长尾山雀,浙江省,1137
红头长尾山雀,江苏省,904
红头长尾山雀,福建省,467
红头长尾山雀,上海市,235
红头长尾山雀,安徽省,139
红头长尾山雀,江西省,128
红头长尾山雀,四川省,27
红头长尾山雀,云南省,23
红头长尾山雀,广东省,14
红头长尾山雀,湖南省,8
红头长尾山雀,河南省,8
红头长尾山雀,贵州省,7
红头长尾山雀,山东省,6
红头长尾山雀,重庆市,5
红头长尾山雀,湖北省,3
红头长尾山雀,陕西省,3
红头长尾山雀,广西壮族自治区,1
红头长尾山雀,宁夏回族自治区,1
红头灰雀,福建省,1
红头潜鸭,上海市,337
红头潜鸭,江苏省,273
红头潜鸭,浙江省,96
红头潜鸭,山东省,63
红头潜鸭,福建省,50
红头潜鸭,安徽省,34
红头潜鸭,江西省,25
红头潜鸭,四川省,10
红头潜鸭,青海省,10
红头潜鸭,宁夏回族自治区,9
红头潜鸭,北京市,4
红头潜鸭,内蒙古自治区,4
红头潜鸭,广东省,3
红头潜鸭,贵州省,1
红头潜鸭,西藏自治区,1
红头穗鹛,浙江省,370
红头穗鹛,福建省,339
红头穗鹛,江西省,66
红头穗鹛,安徽省,25
红头穗鹛,广东省,18
红头穗鹛,江苏省,13
红头穗鹛,四川省,12
红头穗鹛,云南省,11
红头穗鹛,贵州省,9
红头穗鹛,广西壮族自治区,8
红头穗鹛,湖南省,3
红头穗鹛,重庆市,2
红头穗鹛,上海市,1
红头穗鹛,湖北省,1
红头穗鹛,海南省,1
红头咬鹃,福建省,86
红头咬鹃,浙江省,18
红头咬鹃,海南省,3
红头咬鹃,云南省,1
红头咬鹃,广西壮族自治区,1
红头咬鹃,江西省,1
红头噪鹛,云南省,1
红腿小隼,云南省,6
红尾伯劳,上海市,299
红尾伯劳,江苏省,279
红尾伯劳,浙江省,220
红尾伯劳,福建省,213
红尾伯劳,山东省,75
红尾伯劳,安徽省,61
红尾伯劳,江西省,20
红尾伯劳,云南省,14
红尾伯劳,青海省,5
红尾伯劳,湖南省,5
红尾伯劳,内蒙古自治区,3
红尾伯劳,河南省,3
红尾伯劳,海南省,2
红尾伯劳,陕西省,2
红尾伯劳,广东省,2
红尾伯劳,吉林省,1
红尾伯劳,北京市,1
红尾伯劳,湖北省,1
红尾伯劳,甘肃省,1
红尾伯劳,广西壮族自治区,1
红尾伯劳,黑龙江省,1
红尾鸫,江苏省,288
红尾鸫,上海市,256
红尾鸫,浙江省,126
红尾鸫,山东省,110
红尾鸫,安徽省,40
红尾鸫,宁夏回族自治区,32
红尾鸫,北京市,15
红尾鸫,福建省,13
红尾鸫,江西省,7
红尾鸫,四川省,4
红尾鸫,山西省,1
红尾鸫,辽宁省,1
红尾鸫,青海省,1
红尾歌鸲,江苏省,143
红尾歌鸲,上海市,93
红尾歌鸲,浙江省,56
红尾歌鸲,福建省,17
红尾歌鸲,安徽省,12
红尾歌鸲,广东省,11
红尾歌鸲,山东省,5
红尾歌鸲,江西省,2
红尾歌鸲,广西壮族自治区,1
红尾歌鸲,湖南省,1
红尾s,山东省,1
红尾水鸲,浙江省,467
红尾水鸲,福建省,305
红尾水鸲,江西省,97
红尾水鸲,安徽省,77
红尾水鸲,四川省,42
红尾水鸲,云南省,13
红尾水鸲,青海省,10
红尾水鸲,贵州省,9
红尾水鸲,江苏省,8
红尾水鸲,重庆市,7
红尾水鸲,北京市,5
红尾水鸲,山东省,4
红尾水鸲,湖北省,4
红尾水鸲,陕西省,3
红尾水鸲,上海市,3
红尾水鸲,河南省,3
红尾水鸲,广东省,3
红尾水鸲,甘肃省,2
红尾水鸲,湖南省,1
红胁蓝尾鸲,上海市,1195
红胁蓝尾鸲,江苏省,962
红胁蓝尾鸲,浙江省,569
红胁蓝尾鸲,福建省,228
红胁蓝尾鸲,安徽省,113
红胁蓝尾鸲,江西省,104
红胁蓝尾鸲,山东省,81
红胁蓝尾鸲,四川省,15
红胁蓝尾鸲,湖南省,10
红胁蓝尾鸲,北京市,4
红胁蓝尾鸲,云南省,4
红胁蓝尾鸲,广东省,3
红胁蓝尾鸲,广西壮族自治区,1
红胁蓝尾鸲,重庆市,1
红胁绣眼鸟,山东省,14
红胁绣眼鸟,江苏省,9
红胁绣眼鸟,云南省,5
红胁绣眼鸟,上海市,4
红胁绣眼鸟,湖北省,2
红胁绣眼鸟,海南省,2
红胁绣眼鸟,四川省,1
红胁绣眼鸟,广西壮族自治区,1
红胸黑雁,浙江省,6
红胸黑雁,江苏省,4
红胸黑雁,内蒙古自治区,1
红胸黑雁,广东省,1
红胸姬l,上海市,25
红胸姬l,福建省,7
红胸姬l,浙江省,3
红胸秋沙鸭,上海市,118
红胸秋沙鸭,山东省,15
红胸秋沙鸭,福建省,15
红胸秋沙鸭,江苏省,7
红胸秋沙鸭,浙江省,7
红胸秋沙鸭,四川省,1
红胸秋沙鸭,内蒙古自治区,1
红胸秋沙鸭,安徽省,1
红胸田鸡,福建省,25
红胸田鸡,浙江省,7
红胸田鸡,云南省,3
红胸田鸡,上海市,1
红胸田鸡,江西省,1
红胸田鸡,山东省,1
红胸田鸡,广东省,1
红胸朱雀,四川省,2
红胸朱雀,青海省,1
红胸啄花鸟,福建省,184
红胸啄花鸟,云南省,5
红胸啄花鸟,广东省,3
红胸啄花鸟,海南省,3
红胸啄花鸟,浙江省,3
红胸啄花鸟,湖北省,2
红胸啄花鸟,江西省,1
红胸啄花鸟,广西壮族自治区,1
红原鸡,云南省,4
红原鸡,广西壮族自治区,2
红原鸡,广东省,1
红原鸡,内蒙古自治区,1
红嘴钩嘴鹛,云南省,5
红嘴巨鸥,福建省,189
红嘴巨鸥,江苏省,81
红嘴巨鸥,上海市,71
红嘴巨鸥,浙江省,33
红嘴巨鸥,山东省,18
红嘴蓝鹊,浙江省,1120
红嘴蓝鹊,福建省,775
红嘴蓝鹊,江苏省,417
红嘴蓝鹊,安徽省,153
红嘴蓝鹊,江西省,92
红嘴蓝鹊,四川省,26
红嘴蓝鹊,贵州省,15
红嘴蓝鹊,上海市,14
红嘴蓝鹊,广东省,11
红嘴蓝鹊,云南省,10
红嘴蓝鹊,重庆市,8
红嘴蓝鹊,北京市,7
红嘴蓝鹊,湖南省,7
红嘴蓝鹊,河南省,6
红嘴蓝鹊,湖北省,5
红嘴蓝鹊,陕西省,2
红嘴蓝鹊,宁夏回族自治区,1
红嘴蓝鹊,广西壮族自治区,1
红嘴椋鸟,云南省,2
红嘴s,福建省,5
红嘴s,山东省,3
红嘴s,江苏省,1
红嘴s,浙江省,1
红嘴鸥,江苏省,497
红嘴鸥,福建省,230
红嘴鸥,山东省,150
红嘴鸥,上海市,117
红嘴鸥,安徽省,96
红嘴鸥,浙江省,69
红嘴鸥,江西省,61
红嘴鸥,宁夏回族自治区,17
红嘴鸥,四川省,11
红嘴鸥,广东省,6
红嘴鸥,青海省,5
红嘴鸥,云南省,4
红嘴鸥,北京市,2
红嘴鸥,内蒙古自治区,2
红嘴鸥,甘肃省,2
红嘴鸥,广西壮族自治区,1
红嘴鸥,贵州省,1
红嘴鸥,海南省,1
红嘴鸥,湖北省,1
红嘴山鸦,青海省,30
红嘴山鸦,西藏自治区,6
红嘴山鸦,山东省,6
红嘴山鸦,甘肃省,5
红嘴山鸦,云南省,3
红嘴山鸦,四川省,2
红嘴山鸦,江苏省,1
红嘴山鸦,北京市,1
红嘴山鸦,内蒙古自治区,1
红嘴相思鸟,浙江省,162
红嘴相思鸟,福建省,125
红嘴相思鸟,江苏省,100
红嘴相思鸟,安徽省,33
红嘴相思鸟,四川省,22
红嘴相思鸟,贵州省,13
红嘴相思鸟,江西省,9
红嘴相思鸟,上海市,9
红嘴相思鸟,湖北省,4
红嘴相思鸟,重庆市,4
红嘴相思鸟,云南省,3
红嘴相思鸟,广东省,2
红嘴相思鸟,山东省,1
红嘴相思鸟,广西壮族自治区,1
红嘴相思鸟,陕西省,1
鸿雁,江西省,67
鸿雁,福建省,56
鸿雁,江苏省,47
鸿雁,山东省,29
鸿雁,浙江省,26
鸿雁,上海市,14
鸿雁,内蒙古自治区,7
鸿雁,青海省,5
鸿雁,安徽省,4
鸿雁,北京市,3
鸿雁,广东省,1
鸿雁,四川省,1
厚嘴苇莺,浙江省,15
厚嘴苇莺,山东省,8
厚嘴苇莺,江苏省,3
厚嘴苇莺,上海市,3
厚嘴苇莺,安徽省,2
厚嘴苇莺,内蒙古自治区,2
厚嘴苇莺,四川省,1
厚嘴苇莺,云南省,1
胡兀鹫,青海省,11
胡兀鹫,四川省,3
胡兀鹫,广东省,1
胡兀鹫,内蒙古自治区,1
虎斑地鸫,上海市,19
虎斑地鸫,福建省,4
虎斑地鸫,云南省,2
虎斑地鸫,山东省,1
虎斑地鸫,安徽省,1
虎斑地鸫,四川省,1
虎斑地鸫,浙江省,1
虎头海雕,内蒙古自治区,1
虎纹伯劳,江苏省,96
虎纹伯劳,上海市,95
虎纹伯劳,浙江省,46
虎纹伯劳,安徽省,11
虎纹伯劳,河南省,7
虎纹伯劳,山东省,3
虎纹伯劳,福建省,2
虎纹伯劳,湖南省,1
虎纹伯劳,江西省,1
虎纹伯劳,四川省,1
花彩雀莺,青海省,2
花彩雀莺,西藏自治区,1
花彩雀莺,四川省,1
花冠皱盔犀鸟,云南省,3
花冠皱盔犀鸟,广东省,1
花脸鸭,江苏省,41
花脸鸭,浙江省,36
花脸鸭,上海市,18
花脸鸭,山东省,5
花脸鸭,北京市,2
花脸鸭,福建省,1
花脸鸭,内蒙古自治区,1
花脸鸭,河北省,1
花田鸡,江西省,1
花头鹦鹉,云南省,2
花尾榛鸡,内蒙古自治区,3
华南斑胸钩嘴鹛,福建省,128
华南斑胸钩嘴鹛,浙江省,111
华南斑胸钩嘴鹛,江西省,13
华南斑胸钩嘴鹛,安徽省,7
华南冠纹柳莺,福建省,68
华南冠纹柳莺,浙江省,61
华南冠纹柳莺,安徽省,15
华南冠纹柳莺,江西省,8
华南冠纹柳莺,上海市,2
华南冠纹柳莺,湖北省,1
华南冠纹柳莺,广西壮族自治区,1
华南冠纹柳莺,广东省,1
华南冠纹柳莺,河南省,1
华西柳莺,青海省,17
华西柳莺,云南省,3
华西柳莺,四川省,2
华西柳莺,江苏省,1
画眉,江苏省,500
画眉,福建省,447
画眉,浙江省,346
画眉,上海市,224
画眉,安徽省,74
画眉,江西省,45
画眉,广东省,9
画眉,河南省,9
画眉,山东省,6
画眉,贵州省,5
画眉,云南省,4
画眉,四川省,3
画眉,湖北省,3
画眉,重庆市,3
画眉,青海省,1
画眉,湖南省,1
画眉,甘肃省,1
画眉,北京市,1
怀氏虎鸫,上海市,408
怀氏虎鸫,江苏省,156
怀氏虎鸫,浙江省,145
怀氏虎鸫,福建省,64
怀氏虎鸫,山东省,10
怀氏虎鸫,安徽省,9
怀氏虎鸫,江西省,3
怀氏虎鸫,四川省,1
怀氏虎鸫,宁夏回族自治区,1
怀氏虎鸫,辽宁省,1
环颈a,上海市,750
环颈a,福建省,412
环颈a,江苏省,371
环颈a,浙江省,275
环颈a,山东省,69
环颈a,江西省,16
环颈a,青海省,13
环颈a,安徽省,12
环颈a,内蒙古自治区,8
环颈a,海南省,2
环颈a,广东省,2
环颈a,湖北省,1
环颈山鹧鸪,福建省,1
q嘴鹬,青海省,4
荒漠伯劳,青海省,6
荒漠伯劳,内蒙古自治区,2
荒漠伯劳,广东省,1
黄腹冠鹎,云南省,15
黄腹花蜜鸟,海南省,6
黄腹花蜜鸟,云南省,2
黄腹花蜜鸟,广西壮族自治区,1
黄腹花蜜鸟,广东省,1
黄腹角雉,福建省,31
黄腹角雉,浙江省,11
黄腹角雉,江西省,8
黄腹柳莺,福建省,4
黄腹柳莺,江苏省,2
黄腹柳莺,湖南省,1
黄腹柳莺,西藏自治区,1
黄腹柳莺,云南省,1
黄腹鹨,上海市,506
黄腹鹨,浙江省,205
黄腹鹨,江苏省,154
黄腹鹨,福建省,132
黄腹鹨,江西省,44
黄腹鹨,山东省,15
黄腹鹨,安徽省,11
黄腹鹨,云南省,1
黄腹鹨,北京市,1
黄腹山鹪莺,福建省,817
黄腹山鹪莺,浙江省,105
黄腹山鹪莺,江西省,87
黄腹山鹪莺,广东省,11
黄腹山鹪莺,云南省,4
黄腹山鹪莺,海南省,3
黄腹山鹪莺,湖南省,2
黄腹山鹪莺,上海市,1
黄腹山鹪莺,江苏省,1
黄腹山鹪莺,广西壮族自治区,1
黄腹山雀,江苏省,382
黄腹山雀,上海市,189
黄腹山雀,浙江省,146
黄腹山雀,安徽省,128
黄腹山雀,山东省,58
黄腹山雀,江西省,26
黄腹山雀,四川省,14
黄腹山雀,福建省,13
黄腹山雀,北京市,5
黄腹山雀,湖南省,5
黄腹山雀,湖北省,2
黄腹山雀,河南省,1
黄腹山雀,甘肃省,1
黄腹山雀,重庆市,1
黄腹山雀,陕西省,1
黄腹山雀,云南省,1
黄腹山雀,河北省,1
黄腹扇尾l,云南省,13
黄腹树莺,福建省,5
黄腹树莺,江西省,3
黄腹树莺,甘肃省,1
黄腹树莺,湖南省,1
黄腹l莺,云南省,7
黄腹l莺,广西壮族自治区,1
黄腹啄花鸟,云南省,1
黄冠啄木鸟,福建省,19
黄冠啄木鸟,云南省,1
黄喉雀鹛,浙江省,1
黄喉c,江苏省,550
黄喉c,上海市,441
黄喉c,浙江省,294
黄喉c,山东省,67
黄喉c,安徽省,37
黄喉c,江西省,12
黄喉c,福建省,10
黄喉c,贵州省,9
黄喉c,四川省,6
黄喉c,北京市,3
黄喉c,广西壮族自治区,1
黄喉c,云南省,1
黄喉c,湖北省,1
黄喉噪鹛,江西省,2
黄喉雉鹑,青海省,3
黄n_,上海市,765
黄n_,福建省,353
黄n_,江苏省,255
黄n_,浙江省,177
黄n_,江西省,16
黄n_,山东省,15
黄n_,安徽省,11
黄n_,青海省,3
黄n_,广西壮族自治区,2
黄n_,北京市,2
黄n_,内蒙古自治区,2
黄n_,陕西省,1
黄n_,广东省,1
黄n_,海南省,1
黄n_,湖北省,1
黄n_,云南省,1
黄颊山雀,福建省,126
黄颊山雀,浙江省,70
黄颊山雀,云南省,13
黄颊山雀,江西省,11
黄颊山雀,广西壮族自治区,2
黄颊山雀,广东省,1
黄脚三趾鹑,福建省,7
黄脚三趾鹑,山东省,2
黄脚三趾鹑,浙江省,1
黄脚银鸥,福建省,7
黄脚银鸥,上海市,2
黄脚银鸥,江苏省,1
黄脚银鸥,新疆维吾尔自治区,1
黄脚银鸥,浙江省,1
黄脚银鸥,江西省,1
黄脚银鸥,山东省,1
黄颈凤鹛,云南省,14
黄颈啄木鸟,四川省,1
黄绿鹎,云南省,12
黄眉姬l,上海市,216
黄眉姬l,福建省,114
黄眉姬l,江苏省,29
黄眉姬l,浙江省,18
黄眉姬l,山东省,3
黄眉姬l,广东省,3
黄眉姬l,安徽省,1
黄眉林雀,江西省,8
黄眉林雀,福建省,7
黄眉林雀,四川省,2
黄眉林雀,上海市,1
黄眉林雀,云南省,1
黄眉柳莺,上海市,621
黄眉柳莺,江苏省,430
黄眉柳莺,福建省,376
黄眉柳莺,浙江省,231
黄眉柳莺,安徽省,92
黄眉柳莺,山东省,56
黄眉柳莺,江西省,30
黄眉柳莺,广东省,9
黄眉柳莺,云南省,8
黄眉柳莺,湖北省,7
黄眉柳莺,海南省,7
黄眉柳莺,重庆市,3
黄眉柳莺,陕西省,2
黄眉柳莺,北京市,2
黄眉柳莺,四川省,2
黄眉柳莺,内蒙古自治区,2
黄眉柳莺,湖南省,1
黄眉柳莺,贵州省,1
黄眉c,江苏省,196
黄眉c,浙江省,181
黄眉c,上海市,98
黄眉c,福建省,77
黄眉c,江西省,33
黄眉c,山东省,28
黄眉c,安徽省,15
黄眉c,四川省,1
黄眉c,湖南省,1
黄眉c,北京市,1
黄雀,江苏省,647
黄雀,上海市,512
黄雀,浙江省,280
黄雀,安徽省,67
黄雀,山东省,45
黄雀,福建省,38
黄雀,江西省,7
黄雀,北京市,4
黄雀,湖南省,2
黄头n_,上海市,43
黄头n_,青海省,12
黄头n_,福建省,9
黄头n_,内蒙古自治区,7
黄头n_,江苏省,6
黄头n_,浙江省,6
黄头n_,云南省,6
黄头n_,山东省,5
黄头n_,安徽省,4
黄头n_,宁夏回族自治区,1
黄头n_,广西壮族自治区,1
黄头n_,广东省,1
黄头n_,贵州省,1
黄头n_,甘肃省,1
黄臀鹎,浙江省,140
黄臀鹎,安徽省,48
黄臀鹎,云南省,44
黄臀鹎,贵州省,28
黄臀鹎,江西省,28
黄臀鹎,四川省,19
黄臀鹎,江苏省,15
黄臀鹎,福建省,9
黄臀鹎,重庆市,8
黄臀鹎,河南省,6
黄臀鹎,湖北省,5
黄臀鹎,上海市,4
黄臀鹎,陕西省,3
黄臀鹎,广东省,3
黄臀鹎,甘肃省,1
黄臀鹎,广西壮族自治区,1
黄臀啄花鸟,云南省,11
黄苇Z,上海市,273
黄苇Z,江苏省,238
黄苇Z,福建省,114
黄苇Z,浙江省,79
黄苇Z,山东省,53
黄苇Z,安徽省,39
黄苇Z,云南省,7
黄苇Z,江西省,5
黄苇Z,北京市,4
黄苇Z,海南省,3
黄苇Z,广东省,3
黄苇Z,河南省,2
黄苇Z,湖北省,1
黄苇Z,重庆市,1
黄苇Z,陕西省,1
黄苇Z,贵州省,1
黄胸c,浙江省,63
黄胸c,上海市,48
黄胸c,福建省,46
黄胸c,江苏省,32
黄胸c,山东省,4
黄胸c,江西省,3
黄胸c,安徽省,1
黄胸c,云南省,1
黄胸c,湖南省,1
黄胸织雀,云南省,5
黄腰柳莺,上海市,1043
黄腰柳莺,江苏省,840
黄腰柳莺,福建省,393
黄腰柳莺,浙江省,356
黄腰柳莺,安徽省,106
黄腰柳莺,山东省,105
黄腰柳莺,江西省,41
黄腰柳莺,云南省,10
黄腰柳莺,广东省,7
黄腰柳莺,四川省,6
黄腰柳莺,湖南省,5
黄腰柳莺,北京市,4
黄腰柳莺,湖北省,3
黄腰柳莺,内蒙古自治区,2
黄腰柳莺,广西壮族自治区,2
黄腰柳莺,重庆市,1
黄腰柳莺,黑龙江省,1
黄腰太阳鸟,云南省,23
黄腰太阳鸟,广西壮族自治区,1
黄嘴白鹭,上海市,54
黄嘴白鹭,福建省,48
黄嘴白鹭,浙江省,35
黄嘴白鹭,江苏省,23
黄嘴白鹭,山东省,7
黄嘴白鹭,安徽省,1
黄嘴河燕鸥,云南省,3
黄嘴角^,福建省,20
黄嘴角^,浙江省,8
黄嘴角^,云南省,4
黄嘴角^,海南省,4
黄嘴角^,江西省,1
黄嘴蓝鹊,安徽省,1
黄嘴栗啄木鸟,福建省,97
黄嘴栗啄木鸟,浙江省,41
黄嘴栗啄木鸟,江西省,8
黄嘴栗啄木鸟,贵州省,1
黄嘴栗啄木鸟,四川省,1
黄嘴潜鸟,山东省,2
黄嘴山鸦,四川省,3
黄嘴山鸦,青海省,2
黄嘴朱顶雀,青海省,17
黄嘴朱顶雀,西藏自治区,1
灰斑a,上海市,143
灰斑a,福建省,138
灰斑a,江苏省,129
灰斑a,浙江省,74
灰斑a,山东省,28
灰斑a,安徽省,11
灰斑a,江西省,7
灰斑a,广东省,2
灰斑a,新疆维吾尔自治区,1
灰斑鸠,福建省,39
灰斑鸠,宁夏回族自治区,37
灰斑鸠,青海省,21
灰斑鸠,甘肃省,8
灰斑鸠,山东省,5
灰斑鸠,山西省,4
灰斑鸠,江苏省,3
灰斑鸠,江西省,3
灰斑鸠,浙江省,2
灰斑鸠,内蒙古自治区,2
灰斑鸠,安徽省,1
灰斑鸠,辽宁省,1
灰斑鸠,广东省,1
灰斑鸠,上海市,1
灰斑鸠,河北省,1
灰背伯劳,青海省,23
灰背伯劳,云南省,12
灰背伯劳,四川省,5
灰背伯劳,江苏省,3
灰背伯劳,江西省,3
灰背伯劳,上海市,3
灰背伯劳,福建省,2
灰背伯劳,安徽省,1
灰背伯劳,甘肃省,1
灰背伯劳,贵州省,1
灰背鸫,上海市,878
灰背鸫,江苏省,507
灰背鸫,浙江省,301
灰背鸫,福建省,161
灰背鸫,江西省,51
灰背鸫,安徽省,31
灰背鸫,山东省,9
灰背鸫,广东省,5
灰背鸫,云南省,5
灰背鸫,青海省,1
灰背鸫,四川省,1
灰背鸫,湖南省,1
灰背鸫,辽宁省,1
灰背鸫,海南省,1
灰背椋鸟,福建省,215
灰背椋鸟,浙江省,12
灰背椋鸟,江苏省,3
灰背椋鸟,海南省,3
灰背椋鸟,广东省,2
灰背椋鸟,上海市,2
灰背椋鸟,江西省,2
灰背椋鸟,云南省,1
灰背鸥,福建省,7
灰背鸥,山东省,7
灰背鸥,宁夏回族自治区,6
灰背鸥,江苏省,3
灰背鸥,青海省,2
灰背鸥,广东省,2
灰背鸥,上海市,1
灰背隼,江苏省,24
灰背隼,上海市,23
灰背隼,山东省,2
灰背隼,河北省,2
灰背隼,辽宁省,1
灰背隼,浙江省,1
灰背隼,福建省,1
灰背燕尾,福建省,324
灰背燕尾,浙江省,61
灰背燕尾,江西省,5
灰背燕尾,云南省,2
灰背燕尾,安徽省,1
灰背燕尾,广东省,1
灰背燕尾,四川省,1
灰伯劳,内蒙古自治区,5
灰伯劳,宁夏回族自治区,3
灰伯劳,青海省,3
灰伯劳,北京市,1
灰翅鸫,四川省,3
灰翅鸫,贵州省,3
灰翅鸫,青海省,1
灰翅噪鹛,浙江省,34
灰翅噪鹛,福建省,23
灰翅噪鹛,江西省,7
灰翅噪鹛,安徽省,2
灰短脚鹎,浙江省,2
灰短脚鹎,云南省,2
灰腹地莺,广西壮族自治区,1
灰腹绣眼鸟,云南省,47
灰腹绣眼鸟,广西壮族自治区,1
灰腹绣眼鸟,浙江省,1
灰腹绣眼鸟,四川省,1
灰腹噪鹛,西藏自治区,2
灰冠l莺,贵州省,8
灰冠l莺,四川省,3
灰冠l莺,江西省,1
灰冠鸦雀,浙江省,1
灰鹤,江西省,71
灰鹤,江苏省,44
灰鹤,山东省,16
灰鹤,上海市,11
灰鹤,浙江省,3
灰鹤,安徽省,2
灰鹤,河北省,2
灰鹤,贵州省,2
灰鹤,宁夏回族自治区,1
灰鹤,内蒙古自治区,1
灰鹤,云南省,1
灰鹤,福建省,1
灰喉柳莺,云南省,5
灰喉柳莺,福建省,1
灰喉柳莺,青海省,1
灰喉柳莺,四川省,1
灰喉山椒鸟,福建省,381
灰喉山椒鸟,浙江省,353
灰喉山椒鸟,江西省,51
灰喉山椒鸟,江苏省,22
灰喉山椒鸟,云南省,9
灰喉山椒鸟,安徽省,8
灰喉山椒鸟,海南省,5
灰喉山椒鸟,广东省,3
灰喉山椒鸟,贵州省,1
灰喉山椒鸟,湖北省,1
灰喉山椒鸟,四川省,1
灰喉山椒鸟,广西壮族自治区,1
灰喉鸦雀,贵州省,15
灰喉鸦雀,重庆市,3
灰喉鸦雀,云南省,2
灰喉鸦雀,四川省,1
灰喉针尾雨燕,上海市,2
灰n_,福建省,474
灰n_,上海市,420
灰n_,江苏省,381
灰n_,浙江省,309
灰n_,安徽省,47
灰n_,江西省,40
灰n_,山东省,15
灰n_,四川省,14
灰n_,贵州省,14
灰n_,云南省,12
灰n_,广东省,8
灰n_,青海省,7
灰n_,内蒙古自治区,6
灰n_,北京市,4
灰n_,河北省,3
灰n_,宁夏回族自治区,3
灰n_,海南省,3
灰n_,湖北省,2
灰n_,湖南省,2
灰n_,广西壮族自治区,1
灰n_,河南省,1
灰n_,甘肃省,1
灰n_,重庆市,1
灰颊仙l,云南省,3
灰卷尾,江苏省,108
灰卷尾,浙江省,60
灰卷尾,上海市,55
灰卷尾,福建省,53
灰卷尾,安徽省,41
灰卷尾,云南省,39
灰卷尾,江西省,33
灰卷尾,河南省,10
灰卷尾,广东省,3
灰卷尾,陕西省,2
灰卷尾,北京市,1
灰卷尾,海南省,1
灰卷尾,湖南省,1
灰卷尾,湖北省,1
灰孔雀雉,云南省,4
灰孔雀雉,内蒙古自治区,1
灰孔雀雉,广东省,1
灰孔雀雉,浙江省,1
灰眶雀鹛,福建省,21
灰眶雀鹛,四川省,17
灰眶雀鹛,浙江省,6
灰眶雀鹛,贵州省,5
灰眶雀鹛,安徽省,5
灰眶雀鹛,云南省,3
灰眶雀鹛,广西壮族自治区,3
灰眶雀鹛,广东省,1
灰眶雀鹛,湖北省,1
灰眶雀鹛,江苏省,1
灰眶雀鹛,江西省,1
灰眶雀鹛,湖南省,1
灰蓝姬l,云南省,1
灰蓝山雀,内蒙古自治区,1
灰脸\鹰,江苏省,99
灰脸\鹰,浙江省,48
灰脸\鹰,上海市,29
灰脸\鹰,福建省,23
灰脸\鹰,安徽省,17
灰脸\鹰,山东省,5
灰脸\鹰,湖南省,4
灰脸\鹰,湖北省,3
灰脸\鹰,广西壮族自治区,3
灰脸\鹰,江西省,3
灰脸\鹰,河南省,2
灰脸\鹰,北京市,1
灰脸l莺,云南省,1
灰椋鸟,上海市,1526
灰椋鸟,江苏省,1304
灰椋鸟,浙江省,391
灰椋鸟,山东省,231
灰椋鸟,安徽省,189
灰椋鸟,福建省,181
灰椋鸟,江西省,71
灰椋鸟,宁夏回族自治区,65
灰椋鸟,北京市,11
灰椋鸟,河南省,7
灰椋鸟,湖南省,6
灰椋鸟,四川省,6
灰椋鸟,广东省,4
灰椋鸟,甘肃省,3
灰椋鸟,海南省,3
灰椋鸟,青海省,2
灰椋鸟,湖北省,2
灰椋鸟,陕西省,1
灰椋鸟,云南省,1
灰椋鸟,内蒙古自治区,1
灰林鸽,云南省,2
灰林^,贵州省,3
灰林^,云南省,2
灰奇鹛,云南省,1
灰山椒鸟,上海市,39
灰山椒鸟,江苏省,34
灰山椒鸟,福建省,17
灰山椒鸟,浙江省,9
灰山椒鸟,山东省,7
灰山椒鸟,江西省,7
灰山椒鸟,安徽省,4
灰山椒鸟,广东省,2
灰山椒鸟,贵州省,2
灰山椒鸟,云南省,2
灰山椒鸟,广西壮族自治区,1
灰树鹊,浙江省,529
灰树鹊,福建省,509
灰树鹊,江苏省,413
灰树鹊,安徽省,57
灰树鹊,江西省,42
灰树鹊,上海市,30
灰树鹊,云南省,8
灰树鹊,河南省,3
灰树鹊,湖北省,2
灰树鹊,青海省,1
灰树鹊,山东省,1
灰树鹊,广东省,1
灰头鸫,青海省,16
灰头鸫,上海市,6
灰头鸫,浙江省,5
灰头鸫,四川省,4
灰头鸫,安徽省,2
灰头鸫,福建省,2
灰头鸫,云南省,2
灰头鸫,甘肃省,2
灰头鸫,江西省,1
灰头鸫,广东省,1
灰头灰雀,青海省,14
灰头灰雀,四川省,11
灰头灰雀,甘肃省,1
灰头椋鸟,云南省,9
灰头柳莺,浙江省,1
灰头绿鸠,云南省,1
灰头绿啄木鸟,江苏省,192
灰头绿啄木鸟,山东省,119
灰头绿啄木鸟,浙江省,77
灰头绿啄木鸟,安徽省,74
灰头绿啄木鸟,北京市,22
灰头绿啄木鸟,福建省,18
灰头绿啄木鸟,江西省,18
灰头绿啄木鸟,四川省,9
灰头绿啄木鸟,贵州省,8
灰头绿啄木鸟,云南省,6
灰头绿啄木鸟,河南省,4
灰头绿啄木鸟,广东省,3
灰头绿啄木鸟,青海省,2
灰头绿啄木鸟,内蒙古自治区,1
灰头绿啄木鸟,湖南省,1
灰头绿啄木鸟,陕西省,1
灰头绿啄木鸟,辽宁省,1
灰头麦鸡,江苏省,504
灰头麦鸡,浙江省,243
灰头麦鸡,安徽省,89
灰头麦鸡,上海市,77
灰头麦鸡,江西省,66
灰头麦鸡,福建省,42
灰头麦鸡,山东省,17
灰头麦鸡,宁夏回族自治区,9
灰头麦鸡,河南省,7
灰头麦鸡,湖南省,4
灰头麦鸡,内蒙古自治区,3
灰头麦鸡,云南省,3
灰头麦鸡,湖北省,2
灰头麦鸡,广东省,2
灰头麦鸡,陕西省,1
灰头麦鸡,北京市,1
灰头麦鸡,海南省,1
灰头雀鹛,四川省,2
灰头雀鹛,江西省,1
灰头雀鹛,云南省,1
灰头c,上海市,1273
灰头c,江苏省,859
灰头c,福建省,794
灰头c,浙江省,732
灰头c,江西省,137
灰头c,安徽省,98
灰头c,山东省,78
灰头c,湖南省,6
灰头c,湖北省,5
灰头c,广东省,3
灰头c,青海省,2
灰头c,四川省,2
灰头c,内蒙古自治区,2
灰头c,贵州省,1
灰头c,甘肃省,1
灰头c,宁夏回族自治区,1
灰头鸦雀,浙江省,184
灰头鸦雀,福建省,87
灰头鸦雀,江苏省,24
灰头鸦雀,江西省,11
灰头鸦雀,安徽省,5
灰头鸦雀,海南省,2
灰头鸦雀,云南省,2
灰头鸦雀,湖南省,1
灰头鹦鹉,云南省,4
灰尾漂鹬,上海市,139
灰尾漂鹬,福建省,62
灰尾漂鹬,江苏省,53
灰尾漂鹬,浙江省,32
灰尾漂鹬,山东省,6
灰纹l,上海市,243
灰纹l,江苏省,159
灰纹l,浙江省,134
灰纹l,福建省,58
灰纹l,安徽省,19
灰纹l,山东省,9
灰纹l,江西省,5
灰喜鹊,江苏省,1644
灰喜鹊,上海市,1315
灰喜鹊,山东省,345
灰喜鹊,安徽省,278
灰喜鹊,福建省,105
灰喜鹊,浙江省,72
灰喜鹊,北京市,45
灰喜鹊,宁夏回族自治区,17
灰喜鹊,江西省,12
灰喜鹊,河南省,9
灰喜鹊,甘肃省,7
灰喜鹊,广东省,7
灰喜鹊,青海省,5
灰喜鹊,湖南省,4
灰喜鹊,湖北省,4
灰喜鹊,辽宁省,3
灰喜鹊,内蒙古自治区,3
灰喜鹊,陕西省,3
灰喜鹊,云南省,3
灰喜鹊,四川省,2
灰喜鹊,山西省,2
灰喜鹊,海南省,2
灰喜鹊,重庆市,1
灰喜鹊,黑龙江省,1
灰胁噪鹛,云南省,1
灰胁噪鹛,福建省,1
灰胸山鹪莺,云南省,19
灰胸山鹪莺,广西壮族自治区,1
灰胸山鹪莺,贵州省,1
灰胸薮鹛,四川省,1
灰胸竹鸡,福建省,389
灰胸竹鸡,浙江省,344
灰胸竹鸡,江苏省,196
灰胸竹鸡,江西省,57
灰胸竹鸡,安徽省,24
灰胸竹鸡,贵州省,6
灰胸竹鸡,重庆市,4
灰胸竹鸡,四川省,3
灰胸竹鸡,湖南省,1
灰胸竹鸡,陕西省,1
灰胸竹鸡,河南省,1
灰岩鹪鹛,云南省,2
灰岩柳莺,广西壮族自治区,1
灰眼短脚鹎,云南省,7
灰雁,江西省,50
灰雁,浙江省,28
灰雁,山东省,28
灰雁,江苏省,25
灰雁,福建省,17
灰雁,青海省,10
灰雁,安徽省,7
灰雁,内蒙古自治区,7
灰雁,上海市,6
灰雁,湖北省,1
灰雁,宁夏回族自治区,1
灰雁,北京市,1
灰雁,贵州省,1
灰雁,新疆维吾尔自治区,1
灰燕V,云南省,11
灰燕V,广西壮族自治区,2
灰燕V,青海省,1
灰燕V,海南省,1
灰燕V,贵州省,1
火斑鸠,江苏省,103
火斑鸠,上海市,90
火斑鸠,浙江省,69
火斑鸠,福建省,60
火斑鸠,安徽省,7
火斑鸠,江西省,6
火斑鸠,山东省,4
火斑鸠,云南省,2
火斑鸠,湖北省,1
火斑鸠,广东省,1
火斑鸠,河北省,1
火斑鸠,河南省,1
火斑鸠,青海省,1
火冠雀,四川省,1
火尾太阳鸟,云南省,4
火尾希鹛,云南省,16
火尾希鹛,重庆市,2
霍氏旋木雀,青海省,1
霍氏旋木雀,四川省,1
霍氏鹰鹃,福建省,2
叽喳柳莺,山东省,2
叽喳柳莺,上海市,2
叽喳柳莺,内蒙古自治区,1
矶鹬,上海市,753
矶鹬,福建省,497
矶鹬,江苏省,370
矶鹬,浙江省,255
矶鹬,山东省,52
矶鹬,安徽省,46
矶鹬,江西省,36
矶鹬,四川省,10
矶鹬,广东省,6
矶鹬,云南省,5
矶鹬,青海省,4
矶鹬,海南省,3
矶鹬,甘肃省,1
矶鹬,湖北省,1
矶鹬,湖南省,1
矶鹬,宁夏回族自治区,1
矶鹬,内蒙古自治区,1
矶鹬,陕西省,1
姬鹬,上海市,3
姬鹬,浙江省,2
姬鹬,福建省,1
极北柳莺,上海市,331
极北柳莺,江苏省,125
极北柳莺,浙江省,96
极北柳莺,福建省,44
极北柳莺,安徽省,29
极北柳莺,山东省,21
极北柳莺,河北省,2
极北柳莺,江西省,2
极北柳莺,北京市,1
极北柳莺,湖南省,1
极北柳莺,黑龙江省,1
极北朱顶雀,内蒙古自治区,3
加拿大黑雁,江苏省,2
加拿大黑雁,福建省,1
加拿大黑雁,内蒙古自治区,1
加拿大黑雁,云南省,1
加拿大黑雁,浙江省,1
家八哥,福建省,30
家八哥,云南省,18
家八哥,上海市,17
家八哥,海南省,4
家八哥,江苏省,1
家麻雀,上海市,23
家麻雀,江苏省,10
家麻雀,云南省,10
家麻雀,浙江省,9
家麻雀,福建省,8
家麻雀,山东省,6
家麻雀,重庆市,3
家麻雀,安徽省,3
家麻雀,内蒙古自治区,3
家麻雀,海南省,2
家麻雀,江西省,1
家麻雀,新疆维吾尔自治区,1
家麻雀,四川省,1
家麻雀,吉林省,1
家麻雀,青海省,1
家鸦,四川省,1
家鸦,广东省,1
家燕,上海市,1196
家燕,福建省,1078
家燕,江苏省,1009
家燕,浙江省,764
家燕,山东省,160
家燕,安徽省,102
家燕,江西省,92
家燕,云南省,53
家燕,广东省,20
家燕,宁夏回族自治区,18
家燕,青海省,12
家燕,内蒙古自治区,12
家燕,海南省,9
家燕,河南省,5
家燕,四川省,5
家燕,湖北省,4
家燕,甘肃省,4
家燕,陕西省,4
家燕,贵州省,4
家燕,北京市,4
家燕,天津市,1
家燕,湖南省,1
家燕,河北省,1
家燕,广西壮族自治区,1
尖尾滨鹬,上海市,283
尖尾滨鹬,江苏省,147
尖尾滨鹬,福建省,107
尖尾滨鹬,浙江省,80
尖尾滨鹬,山东省,26
尖尾滨鹬,安徽省,4
尖尾滨鹬,江西省,3
尖尾滨鹬,广东省,1
尖尾滨鹬,海南省,1
剑a,上海市,66
剑a,江苏省,3
剑a,浙江省,1
鹪鹩,山东省,10
鹪鹩,北京市,9
鹪鹩,江苏省,6
鹪鹩,青海省,6
鹪鹩,四川省,5
鹪鹩,福建省,2
鹪鹩,河北省,2
鹪鹩,浙江省,1
鹪鹩,上海市,1
角百灵,青海省,23
角百灵,北京市,1
角百灵,河北省,1
角百灵,广东省,1
金斑a,福建省,191
金斑a,浙江省,118
金斑a,江苏省,110
金斑a,上海市,81
金斑a,山东省,19
金斑a,江西省,10
金斑a,广东省,4
金斑a,安徽省,3
金斑a,海南省,1
金翅雀,江苏省,889
金翅雀,上海市,699
金翅雀,浙江省,552
金翅雀,福建省,447
金翅雀,山东省,199
金翅雀,安徽省,109
金翅雀,江西省,77
金翅雀,宁夏回族自治区,40
金翅雀,贵州省,18
金翅雀,北京市,17
金翅雀,四川省,12
金翅雀,青海省,10
金翅雀,甘肃省,8
金翅雀,湖南省,8
金翅雀,广东省,6
金翅雀,重庆市,5
金翅雀,河南省,4
金翅雀,内蒙古自治区,2
金翅雀,山西省,2
金翅雀,湖北省,2
金翅雀,陕西省,1
金翅噪鹛,云南省,4
金雕,青海省,10
金雕,四川省,3
金雕,内蒙古自治区,3
金雕,山东省,2
金雕,广东省,1
金雕,云南省,1
金雕,浙江省,1
金额叶鹎,云南省,7
金冠地莺,云南省,3
金喉拟啄木鸟,云南省,6
金喉拟啄木鸟,广西壮族自治区,1
金眶a,上海市,571
金眶a,江苏省,350
金眶a,福建省,309
金眶a,浙江省,259
金眶a,山东省,62
金眶a,安徽省,22
金眶a,江西省,18
金眶a,青海省,7
金眶a,广东省,6
金眶a,海南省,3
金眶a,内蒙古自治区,3
金眶a,广西壮族自治区,3
金眶a,宁夏回族自治区,3
金眶a,云南省,2
金眶a,北京市,1
金眶a,湖南省,1
金眶l莺,上海市,2
金眶l莺,浙江省,2
金眶l莺,福建省,2
金眶l莺,云南省,1
金眶l莺,江西省,1
金眶l莺,重庆市,1
金色林鸲,云南省,2
金色林鸲,四川省,1
金色鸦雀,贵州省,9
金色鸦雀,重庆市,1
金头缝叶莺,广东省,16
金头缝叶莺,云南省,5
金头缝叶莺,广西壮族自治区,2
金头扇尾莺,江西省,1
金头扇尾莺,广东省,1
金头穗鹛,云南省,2
金胸雀鹛,四川省,11
金胸雀鹛,贵州省,7
金胸雀鹛,云南省,1
金眼鹛雀,云南省,2
金眼鹛雀,广西壮族自治区,1
金腰燕,江苏省,642
金腰燕,福建省,449
金腰燕,浙江省,371
金腰燕,上海市,224
金腰燕,山东省,87
金腰燕,安徽省,79
金腰燕,江西省,79
金腰燕,云南省,12
金腰燕,广东省,9
金腰燕,贵州省,7
金腰燕,河南省,6
金腰燕,青海省,6
金腰燕,四川省,5
金腰燕,重庆市,4
金腰燕,北京市,3
金腰燕,湖北省,3
金腰燕,宁夏回族自治区,3
金腰燕,湖南省,2
金腰燕,陕西省,2
金腰燕,海南省,1
酒红朱雀,重庆市,5
酒红朱雀,四川省,2
酒红朱雀,湖北省,2
巨嘴柳莺,福建省,7
巨嘴柳莺,上海市,7
巨嘴柳莺,江苏省,4
巨嘴柳莺,浙江省,1
巨嘴柳莺,湖北省,1
巨嘴柳莺,安徽省,1
巨嘴沙雀,内蒙古自治区,1
巨嘴沙雀,甘肃省,1
距翅麦鸡,云南省,9
鹃头蜂鹰,内蒙古自治区,1
卷羽鹈鹕,浙江省,56
卷羽鹈鹕,福建省,46
卷羽鹈鹕,江苏省,24
卷羽鹈鹕,山东省,8
卷羽鹈鹕,上海市,2
堪察加柳莺,上海市,23
堪察加柳莺,浙江省,6
堪察加柳莺,福建省,4
堪察加柳莺,江苏省,3
堪察加柳莺,山东省,1
堪察加柳莺,湖南省,1
堪察加柳莺,江西省,1
库页岛柳莺,上海市,70
库页岛柳莺,浙江省,11
库页岛柳莺,江苏省,3
库页岛柳莺,福建省,1
阔嘴鹬,上海市,119
阔嘴鹬,江苏省,67
阔嘴鹬,福建省,59
阔嘴鹬,浙江省,45
阔嘴鹬,江西省,5
阔嘴鹬,山东省,4
蓝背八色鸫,广西壮族自治区,1
蓝翅希鹛,云南省,25
蓝翅希鹛,贵州省,14
蓝翅希鹛,广西壮族自治区,2
蓝翅希鹛,四川省,2
蓝翅希鹛,广东省,1
蓝翅希鹛,重庆市,1
蓝翅叶鹎,云南省,11
蓝大翅鸲,四川省,3
蓝额红尾鸲,上海市,60
蓝额红尾鸲,四川省,15
蓝额红尾鸲,青海省,14
蓝额红尾鸲,云南省,9
蓝额红尾鸲,江苏省,2
蓝额红尾鸲,湖南省,1
蓝耳翠鸟,江苏省,1
蓝耳拟啄木鸟,云南省,6
蓝翡翠,浙江省,18
蓝翡翠,上海市,15
蓝翡翠,江苏省,14
蓝翡翠,福建省,12
蓝翡翠,河南省,10
蓝翡翠,安徽省,7
蓝翡翠,江西省,6
蓝翡翠,山东省,3
蓝翡翠,海南省,1
蓝腹鹇,内蒙古自治区,1
蓝歌鸲,上海市,100
蓝歌鸲,江苏省,18
蓝歌鸲,浙江省,8
蓝歌鸲,福建省,5
蓝歌鸲,北京市,2
蓝歌鸲,山东省,2
蓝歌鸲,内蒙古自治区,1
蓝喉蜂虎,福建省,34
蓝喉蜂虎,江西省,9
蓝喉蜂虎,浙江省,3
蓝喉蜂虎,安徽省,2
蓝喉蜂虎,广西壮族自治区,1
蓝喉歌鸲,福建省,80
蓝喉歌鸲,浙江省,39
蓝喉歌鸲,上海市,33
蓝喉歌鸲,江苏省,17
蓝喉歌鸲,安徽省,3
蓝喉歌鸲,江西省,2
蓝喉歌鸲,山东省,1
蓝喉歌鸲,广东省,1
蓝喉拟啄木鸟,云南省,43
蓝喉拟啄木鸟,广西壮族自治区,1
蓝喉拟啄木鸟,贵州省,1
蓝喉太阳鸟,云南省,15
蓝喉太阳鸟,四川省,6
蓝喉太阳鸟,贵州省,6
蓝喉太阳鸟,福建省,2
蓝喉太阳鸟,广东省,1
蓝矶鸫,浙江省,158
蓝矶鸫,上海市,108
蓝矶鸫,福建省,98
蓝矶鸫,江苏省,34
蓝矶鸫,山东省,16
蓝矶鸫,安徽省,5
蓝矶鸫,广东省,4
蓝矶鸫,云南省,4
蓝矶鸫,江西省,2
蓝矶鸫,海南省,1
蓝矶鸫,贵州省,1
蓝绿鹊,云南省,3
蓝绿鹊,广东省,1
蓝马鸡,青海省,9
蓝马鸡,内蒙古自治区,1
蓝眉林鸲,云南省,4
蓝眉林鸲,浙江省,1
蓝眉林鸲,四川省,1
蓝c,安徽省,12
蓝c,四川省,10
蓝c,湖北省,2
蓝胸鹑,海南省,3
蓝胸鹑,湖南省,1
蓝胸秧鸡,福建省,17
蓝胸秧鸡,海南省,1
蓝胸秧鸡,浙江省,1
蓝须夜蜂虎,云南省,11
蓝腰短尾鹦鹉,上海市,1
蓝枕花蜜鸟,云南省,3
理氏鹨,福建省,257
理氏鹨,上海市,211
理氏鹨,浙江省,176
理氏鹨,江苏省,77
理氏鹨,江西省,13
理氏鹨,安徽省,12
理氏鹨,山东省,7
理氏鹨,海南省,2
理氏鹨,青海省,2
理氏鹨,云南省,1
丽色奇鹛,云南省,5
丽色噪鹛,四川省,7
丽星鹩鹛,浙江省,39
丽星鹩鹛,福建省,31
丽星鹩鹛,江西省,2
栗斑杜鹃,云南省,3
栗斑杜鹃,上海市,1
栗背伯劳,云南省,5
栗背伯劳,福建省,2
栗背伯劳,青海省,2
栗背短翅鸫,福建省,6
栗背短脚鹎,福建省,825
栗背短脚鹎,浙江省,749
栗背短脚鹎,江苏省,145
栗背短脚鹎,江西省,64
栗背短脚鹎,安徽省,44
栗背短脚鹎,上海市,15
栗背短脚鹎,广东省,12
栗背短脚鹎,云南省,4
栗背短脚鹎,海南省,3
栗背短脚鹎,湖南省,1
栗背短脚鹎,河南省,1
栗背奇鹛,云南省,3
栗背岩鹨,四川省,1
栗耳短脚鹎,上海市,128
栗耳短脚鹎,山东省,11
栗耳短脚鹎,浙江省,7
栗耳短脚鹎,江苏省,4
栗耳短脚鹎,广东省,2
栗耳短脚鹎,福建省,2
栗耳短脚鹎,辽宁省,1
栗耳凤鹛,浙江省,10
栗耳凤鹛,福建省,6
栗耳凤鹛,云南省,2
栗耳c,浙江省,155
栗耳c,上海市,154
栗耳c,福建省,64
栗耳c,江苏省,34
栗耳c,江西省,26
栗耳c,山东省,7
栗耳c,安徽省,4
栗耳c,云南省,2
栗耳c,广西壮族自治区,1
栗耳c,湖北省,1
栗耳c,广东省,1
栗腹歌鸲,四川省,3
栗腹矶鸫,浙江省,74
栗腹矶鸫,福建省,42
栗腹矶鸫,江西省,11
栗腹矶鸫,云南省,8
栗腹矶鸫,安徽省,4
栗腹矶鸫,贵州省,1
栗腹文鸟,云南省,4
栗喉蜂虎,福建省,92
栗喉蜂虎,云南省,3
栗喉蜂虎,广西壮族自治区,3
栗喉V鹛,云南省,1
栗颊噪鹛,海南省,2
栗Z,上海市,9
栗Z,安徽省,1
栗Z,山东省,1
栗颈凤鹛,浙江省,188
栗颈凤鹛,福建省,172
栗颈凤鹛,江西省,9
栗颈凤鹛,安徽省,9
栗颈凤鹛,贵州省,4
栗颈凤鹛,江苏省,3
栗颈凤鹛,上海市,2
栗颈凤鹛,广西壮族自治区,2
栗颈凤鹛,湖北省,1
栗颈凤鹛,湖南省,1
栗颈噪鹛,云南省,2
栗树鸭,广东省,9
栗树鸭,浙江省,6
栗树鸭,江苏省,6
栗树鸭,福建省,5
栗树鸭,海南省,2
栗树鸭,云南省,2
栗树鸭,山西省,1
栗树鸭,内蒙古自治区,1
栗树鸭,上海市,1
栗树鸭,河北省,1
栗头八色鸫,云南省,1
栗头地莺,云南省,2
栗头地莺,重庆市,2
栗头蜂虎,云南省,3
栗头雀鹛,云南省,1
栗头l莺,浙江省,80
栗头l莺,福建省,33
栗头l莺,贵州省,9
栗头l莺,江西省,9
栗头l莺,云南省,3
栗头l莺,安徽省,3
栗头l莺,上海市,2
栗头l莺,四川省,2
栗头l莺,重庆市,1
栗苇Z,上海市,39
栗苇Z,江苏省,36
栗苇Z,福建省,29
栗苇Z,浙江省,15
栗苇Z,云南省,13
栗苇Z,江西省,5
栗苇Z,安徽省,5
栗苇Z,广东省,2
栗苇Z,海南省,1
栗苇Z,贵州省,1
栗c,福建省,49
栗c,浙江省,37
栗c,上海市,19
栗c,江西省,16
栗c,山东省,9
栗c,江苏省,6
栗c,云南省,2
栗c,广西壮族自治区,1
栗c,北京市,1
栗^,云南省,1
栗鸢,广西壮族自治区,1
栗啄木鸟,福建省,96
栗啄木鸟,江西省,8
栗啄木鸟,云南省,1
蛎鹬,江苏省,95
蛎鹬,福建省,75
蛎鹬,浙江省,30
蛎鹬,山东省,18
蛎鹬,上海市,3
蛎鹬,广东省,2
蛎鹬,内蒙古自治区,1
鹩哥,云南省,4
鹩哥,浙江省,2
鹩哥,广东省,1
鹩哥,海南省,1
鹩哥,江苏省,1
猎隼,青海省,8
猎隼,河北省,2
猎隼,宁夏回族自治区,1
猎隼,内蒙古自治区,1
猎隼,广东省,1
林八哥,上海市,4
林八哥,云南省,3
林八哥,福建省,2
林八哥,江苏省,1
林八哥,浙江省,1
林八哥,海南省,1
林八哥,山东省,1
林八哥,广西壮族自治区,1
林雕,福建省,216
林雕,浙江省,179
林雕,江苏省,102
林雕,江西省,48
林雕,安徽省,16
林雕,云南省,11
林雕,上海市,3
林雕,四川省,1
林雕,内蒙古自治区,1
林雕^,云南省,2
林岭雀,青海省,4
林岭雀,四川省,2
林柳莺,上海市,4
林柳莺,浙江省,1
林鹨,山东省,1
林沙锥,上海市,1
林夜鹰,广东省,2
林鹬,江苏省,330
林鹬,上海市,278
林鹬,浙江省,254
林鹬,福建省,215
林鹬,山东省,40
林鹬,江西省,23
林鹬,安徽省,23
林鹬,河南省,5
林鹬,广东省,4
林鹬,青海省,2
林鹬,海南省,2
林鹬,宁夏回族自治区,2
林鹬,内蒙古自治区,2
林鹬,湖北省,1
林鹬,河北省,1
林鹬,广西壮族自治区,1
鳞头树莺,上海市,50
鳞头树莺,广东省,8
鳞头树莺,福建省,7
鳞头树莺,江苏省,6
鳞头树莺,山东省,3
鳞头树莺,广西壮族自治区,2
鳞头树莺,浙江省,2
鳞头树莺,安徽省,2
鳞头树莺,北京市,1
鳞胸鹪鹛,四川省,1
鳞胸鹪鹛,云南省,1
领角^,浙江省,38
领角^,福建省,20
领角^,江苏省,9
领角^,安徽省,8
领角^,云南省,4
领角^,江西省,2
领角^,宁夏回族自治区,1
领角^,广东省,1
领角^,四川省,1
领角^,海南省,1
领雀嘴鹎,浙江省,720
领雀嘴鹎,江苏省,636
领雀嘴鹎,福建省,447
领雀嘴鹎,江西省,169
领雀嘴鹎,安徽省,157
领雀嘴鹎,上海市,29
领雀嘴鹎,四川省,22
领雀嘴鹎,贵州省,20
领雀嘴鹎,河南省,9
领雀嘴鹎,重庆市,8
领雀嘴鹎,湖南省,7
领雀嘴鹎,湖北省,6
领雀嘴鹎,山东省,5
领雀嘴鹎,广东省,2
领雀嘴鹎,北京市,1
领雀嘴鹎,广西壮族自治区,1
领鸺m,福建省,109
领鸺m,浙江省,79
领鸺m,上海市,8
领鸺m,江西省,7
领鸺m,云南省,5
领鸺m,安徽省,4
领鸺m,河南省,3
领鸺m,四川省,2
领岩鹨,青海省,4
领岩鹨,山东省,3
领岩鹨,四川省,2
领岩鹨,云南省,1
流苏鹬,福建省,17
流苏鹬,上海市,15
流苏鹬,江苏省,14
流苏鹬,浙江省,5
流苏鹬,江西省,3
流苏鹬,安徽省,2
流苏鹬,山东省,2
琉璃蓝l,上海市,1
琉球山椒鸟,上海市,38
琉球山椒鸟,福建省,9
琉球山椒鸟,江苏省,7
琉球山椒鸟,浙江省,6
硫磺c,福建省,23
硫磺c,浙江省,20
硫磺c,上海市,4
硫磺c,江苏省,2
瘤鸭,江苏省,1
瘤鸭,浙江省,1
瘤鸭,内蒙古自治区,1
芦c,上海市,16
芦c,山东省,10
芦c,江苏省,7
芦c,浙江省,6
芦c,内蒙古自治区,2
芦c,北京市,1
芦c,安徽省,1
绿背姬l,上海市,16
绿背姬l,福建省,9
绿背山雀,四川省,29
绿背山雀,贵州省,19
绿背山雀,云南省,15
绿背山雀,湖北省,6
绿背山雀,重庆市,4
绿背山雀,江西省,2
绿背山雀,陕西省,2
绿翅短脚鹎,浙江省,538
绿翅短脚鹎,福建省,492
绿翅短脚鹎,江西省,38
绿翅短脚鹎,安徽省,27
绿翅短脚鹎,江苏省,19
绿翅短脚鹎,贵州省,16
绿翅短脚鹎,云南省,15
绿翅短脚鹎,四川省,9
绿翅短脚鹎,广东省,3
绿翅短脚鹎,湖北省,2
绿翅短脚鹎,海南省,2
绿翅短脚鹎,重庆市,2
绿翅短脚鹎,上海市,2
绿翅短脚鹎,河南省,2
绿翅金鸠,福建省,55
绿翅金鸠,广东省,13
绿翅金鸠,云南省,9
绿翅金鸠,浙江省,1
绿翅鸭,上海市,617
绿翅鸭,江苏省,575
绿翅鸭,浙江省,416
绿翅鸭,福建省,377
绿翅鸭,安徽省,79
绿翅鸭,山东省,57
绿翅鸭,江西省,41
绿翅鸭,四川省,12
绿翅鸭,北京市,9
绿翅鸭,广东省,5
绿翅鸭,湖北省,3
绿翅鸭,宁夏回族自治区,2
绿翅鸭,内蒙古自治区,2
绿翅鸭,湖南省,2
绿翅鸭,河北省,1
绿喉蜂虎,云南省,6
绿喉太阳鸟,云南省,7
绿喉太阳鸟,四川省,1
绿孔雀,江苏省,2
绿孔雀,山东省,1
绿孔雀,内蒙古自治区,1
绿鹭,江苏省,82
绿鹭,浙江省,67
绿鹭,上海市,50
绿鹭,福建省,28
绿鹭,江西省,17
绿鹭,安徽省,15
绿鹭,山东省,6
绿鹭,云南省,4
绿鹭,广东省,2
绿鹭,湖南省,2
绿鹭,海南省,1
绿眉鸭,浙江省,11
绿眉鸭,福建省,2
绿眉鸭,内蒙古自治区,1
绿眉鸭,上海市,1
绿眉鸭,北京市,1
绿头鸭,江苏省,800
绿头鸭,浙江省,424
绿头鸭,上海市,391
绿头鸭,福建省,176
绿头鸭,山东省,167
绿头鸭,安徽省,151
绿头鸭,江西省,74
绿头鸭,北京市,37
绿头鸭,四川省,16
绿头鸭,青海省,8
绿头鸭,内蒙古自治区,4
绿头鸭,广东省,4
绿头鸭,河北省,4
绿头鸭,湖北省,3
绿头鸭,陕西省,2
绿头鸭,山西省,1
绿头鸭,新疆维吾尔自治区,1
绿头鸭,云南省,1
绿头鸭,辽宁省,1
绿头鸭,甘肃省,1
绿头鸭,西藏自治区,1
绿头鸭,宁夏回族自治区,1
绿尾虹雉,四川省,4
绿胸八色鸫,云南省,2
绿嘴地鹃,云南省,13
绿嘴地鹃,海南省,2
罗纹鸭,上海市,550
罗纹鸭,江苏省,278
罗纹鸭,浙江省,204
罗纹鸭,山东省,81
罗纹鸭,福建省,55
罗纹鸭,江西省,22
罗纹鸭,安徽省,19
罗纹鸭,北京市,11
罗纹鸭,四川省,9
罗纹鸭,内蒙古自治区,4
罗纹鸭,广东省,2
麻雀,上海市,3272
麻雀,江苏省,2312
麻雀,浙江省,1351
麻雀,福建省,1316
麻雀,山东省,445
麻雀,江西省,253
麻雀,安徽省,230
麻雀,宁夏回族自治区,108
麻雀,青海省,64
麻雀,云南省,51
麻雀,北京市,48
麻雀,广东省,20
麻雀,四川省,15
麻雀,内蒙古自治区,15
麻雀,湖南省,14
麻雀,甘肃省,11
麻雀,贵州省,10
麻雀,河南省,9
麻雀,湖北省,8
麻雀,重庆市,7
麻雀,西藏自治区,4
麻雀,山西省,3
麻雀,广西壮族自治区,3
麻雀,陕西省,3
麻雀,辽宁省,3
麻雀,河北省,1
麻雀,澳门特别行政区,1
麻雀,海南省,1
麻雀,黑龙江省,1
毛脚\,内蒙古自治区,4
毛脚\,黑龙江省,1
毛脚\,河北省,1
毛腿耳夜鹰,云南省,1
毛腿沙鸡,广东省,1
毛腿沙鸡,青海省,1
矛斑蝗莺,上海市,5
矛斑蝗莺,江苏省,2
矛斑蝗莺,江西省,2
矛斑蝗莺,安徽省,1
矛斑蝗莺,福建省,1
矛纹草鹛,福建省,52
矛纹草鹛,贵州省,9
矛纹草鹛,四川省,5
矛纹草鹛,重庆市,4
矛纹草鹛,云南省,3
矛纹草鹛,湖北省,1
矛纹草鹛,上海市,1
煤山雀,山东省,55
煤山雀,福建省,13
煤山雀,江西省,12
煤山雀,安徽省,10
煤山雀,宁夏回族自治区,10
煤山雀,浙江省,9
煤山雀,上海市,8
煤山雀,山西省,3
煤山雀,湖北省,3
煤山雀,内蒙古自治区,2
煤山雀,贵州省,2
煤山雀,辽宁省,2
煤山雀,湖南省,1
美洲绿翅鸭,江苏省,20
美洲绿翅鸭,浙江省,12
美洲绿翅鸭,上海市,1
美洲绿翅鸭,内蒙古自治区,1
猛隼,云南省,4
猛隼,宁夏回族自治区,1
猛^,内蒙古自治区,4
蒙古百灵,青海省,7
蒙古百灵,内蒙古自治区,3
蒙古百灵,河北省,2
蒙古百灵,广东省,1
蒙古短趾百灵,浙江省,18
蒙古短趾百灵,上海市,2
蒙古短趾百灵,内蒙古自治区,1
蒙古沙a,上海市,257
蒙古沙a,江苏省,122
蒙古沙a,福建省,99
蒙古沙a,浙江省,84
蒙古沙a,山东省,13
蒙古沙a,青海省,4
蒙古沙a,安徽省,4
蒙古沙a,江西省,4
蒙古沙a,广东省,2
蒙古沙雀,青海省,3
蒙古银鸥,上海市,189
蒙古银鸥,江苏省,112
蒙古银鸥,山东省,58
蒙古银鸥,浙江省,47
蒙古银鸥,福建省,43
蒙古银鸥,江西省,19
蒙古银鸥,安徽省,14
蒙古银鸥,广东省,4
蒙古银鸥,内蒙古自治区,3
蒙古银鸥,北京市,2
棉凫,江苏省,28
棉凫,上海市,17
棉凫,浙江省,13
棉凫,江西省,7
棉凫,内蒙古自治区,1
棉凫,安徽省,1
棉凫,广西壮族自治区,1
棉凫,福建省,1
冕柳莺,上海市,266
冕柳莺,江苏省,135
冕柳莺,浙江省,60
冕柳莺,福建省,21
冕柳莺,山东省,11
冕柳莺,江西省,6
冕柳莺,安徽省,6
冕柳莺,北京市,1
冕柳莺,黑龙江省,1
冕雀,福建省,71
冕雀,海南省,6
冕雀,广西壮族自治区,2
冕雀,云南省,2
拟大朱雀,青海省,3
拟大朱雀,西藏自治区,1
拟大朱雀,四川省,1
牛背鹭,上海市,621
牛背鹭,福建省,503
牛背鹭,浙江省,436
牛背鹭,江苏省,396
牛背鹭,江西省,58
牛背鹭,安徽省,39
牛背鹭,山东省,35
牛背鹭,云南省,17
牛背鹭,河南省,9
牛背鹭,重庆市,5
牛背鹭,青海省,4
牛背鹭,贵州省,3
牛背鹭,海南省,2
牛背鹭,湖北省,2
牛背鹭,四川省,2
牛背鹭,广东省,2
牛背鹭,湖南省,2
牛背鹭,北京市,1
牛头伯劳,上海市,53
牛头伯劳,福建省,42
牛头伯劳,浙江省,34
牛头伯劳,江苏省,33
牛头伯劳,山东省,5
牛头伯劳,江西省,4
牛头伯劳,安徽省,1
弄岗穗鹛,广西壮族自治区,2
欧金a,上海市,1
欧金a,福建省,1
欧乌鸫,上海市,1
欧亚喜鹊,福建省,2
欧亚喜鹊,河南省,1
欧亚喜鹊,浙江省,1
欧亚喜鹊,内蒙古自治区,1
欧亚喜鹊,江苏省,1
鸥嘴噪鸥,上海市,286
鸥嘴噪鸥,江苏省,77
鸥嘴噪鸥,福建省,77
鸥嘴噪鸥,浙江省,70
鸥嘴噪鸥,山东省,17
鸥嘴噪鸥,安徽省,5
鸥嘴噪鸥,宁夏回族自治区,2
鸥嘴噪鸥,青海省,1
鸥嘴噪鸥,内蒙古自治区,1
琵嘴鸭,上海市,519
琵嘴鸭,江苏省,220
琵嘴鸭,福建省,170
琵嘴鸭,浙江省,132
琵嘴鸭,山东省,41
琵嘴鸭,江西省,15
琵嘴鸭,安徽省,10
琵嘴鸭,广东省,7
琵嘴鸭,北京市,4
琵嘴鸭,四川省,3
琵嘴鸭,内蒙古自治区,2
琵嘴鸭,宁夏回族自治区,2
琵嘴鸭,河北省,2
琵嘴鸭,湖南省,1
琵嘴鸭,青海省,1
普通翠鸟,上海市,1067
普通翠鸟,江苏省,1024
普通翠鸟,福建省,793
普通翠鸟,浙江省,745
普通翠鸟,安徽省,151
普通翠鸟,江西省,142
普通翠鸟,山东省,92
普通翠鸟,云南省,26
普通翠鸟,广东省,23
普通翠鸟,湖南省,9
普通翠鸟,河南省,8
普通翠鸟,北京市,6
普通翠鸟,湖北省,4
普通翠鸟,四川省,4
普通翠鸟,重庆市,4
普通翠鸟,陕西省,3
普通翠鸟,河北省,3
普通翠鸟,贵州省,3
普通翠鸟,广西壮族自治区,2
普通翠鸟,青海省,2
普通翠鸟,宁夏回族自治区,2
普通翠鸟,海南省,2
普通翠鸟,辽宁省,1
普通翠鸟,甘肃省,1
普通\,上海市,367
普通\,江苏省,257
普通\,浙江省,255
普通\,福建省,211
普通\,安徽省,61
普通\,江西省,56
普通\,山东省,26
普通\,四川省,13
普通\,北京市,7
普通\,云南省,5
普通\,湖北省,5
普通\,内蒙古自治区,4
普通\,广东省,4
普通\,湖南省,3
普通\,贵州省,1
普通\,青海省,1
普通\,河北省,1
普通\,广西壮族自治区,1
普通\,陕西省,1
普通楼燕,青海省,15
普通楼燕,宁夏回族自治区,10
普通楼燕,山东省,6
普通楼燕,内蒙古自治区,6
普通楼燕,北京市,3
普通楼燕,陕西省,3
普通楼燕,四川省,1
普通鸬鹚,江苏省,556
普通鸬鹚,福建省,483
普通鸬鹚,上海市,475
普通鸬鹚,浙江省,303
普通鸬鹚,山东省,111
普通鸬鹚,安徽省,71
普通鸬鹚,江西省,71
普通鸬鹚,宁夏回族自治区,19
普通鸬鹚,青海省,13
普通鸬鹚,四川省,12
普通鸬鹚,云南省,8
普通鸬鹚,北京市,6
普通鸬鹚,广东省,6
普通鸬鹚,内蒙古自治区,5
普通鸬鹚,甘肃省,4
普通鸬鹚,陕西省,2
普通鸬鹚,新疆维吾尔自治区,2
普通鸬鹚,湖北省,1
普通鸬鹚,西藏自治区,1
普通鸬鹚,山西省,1
普通鸬鹚,贵州省,1
普通秋沙鸭,江苏省,96
普通秋沙鸭,山东省,67
普通秋沙鸭,上海市,43
普通秋沙鸭,浙江省,42
普通秋沙鸭,北京市,18
普通秋沙鸭,四川省,12
普通秋沙鸭,江西省,7
普通秋沙鸭,安徽省,5
普通秋沙鸭,贵州省,3
普通秋沙鸭,福建省,2
普通秋沙鸭,河北省,2
普通秋沙鸭,青海省,2
普通秋沙鸭,云南省,1
普通秋沙鸭,宁夏回族自治区,1
普通秋沙鸭,广东省,1
普通秋沙鸭,山西省,1
普通秋沙鸭,内蒙古自治区,1
普通秋沙鸭,西藏自治区,1
普通燕a,上海市,171
普通燕a,江苏省,137
普通燕a,福建省,40
普通燕a,浙江省,40
普通燕a,山东省,9
普通燕a,安徽省,8
普通燕a,江西省,2
普通燕a,云南省,1
普通燕a,海南省,1
普通燕鸥,上海市,124
普通燕鸥,江苏省,112
普通燕鸥,山东省,79
普通燕鸥,福建省,53
普通燕鸥,浙江省,31
普通燕鸥,宁夏回族自治区,30
普通燕鸥,青海省,27
普通燕鸥,安徽省,4
普通燕鸥,江西省,4
普通燕鸥,内蒙古自治区,3
普通燕鸥,陕西省,2
普通燕鸥,河北省,1
普通燕鸥,广东省,1
普通燕鸥,四川省,1
普通燕鸥,天津市,1
普通燕鸥,新疆维吾尔自治区,1
普通秧鸡,福建省,60
普通秧鸡,浙江省,33
普通秧鸡,上海市,31
普通秧鸡,江苏省,15
普通秧鸡,山东省,5
普通秧鸡,江西省,3
普通秧鸡,安徽省,2
普通秧鸡,青海省,1
普通秧鸡,云南省,1
普通夜鹰,浙江省,80
普通夜鹰,福建省,65
普通夜鹰,上海市,53
普通夜鹰,江苏省,28
普通夜鹰,安徽省,15
普通夜鹰,江西省,9
普通夜鹰,内蒙古自治区,4
普通夜鹰,贵州省,3
普通夜鹰,山东省,2
普通夜鹰,宁夏回族自治区,1
普通夜鹰,广东省,1
普通朱雀,福建省,16
普通朱雀,上海市,10
普通朱雀,江苏省,6
普通朱雀,山东省,5
普通朱雀,浙江省,5
普通朱雀,云南省,4
普通朱雀,内蒙古自治区,4
普通朱雀,四川省,3
普通朱雀,甘肃省,2
普通朱雀,青海省,2
普通朱雀,广西壮族自治区,1
普通朱雀,河北省,1
钳嘴鹳,云南省,23
钳嘴鹳,贵州省,1
强脚树莺,浙江省,771
强脚树莺,江苏省,605
强脚树莺,福建省,160
强脚树莺,安徽省,106
强脚树莺,上海市,77
强脚树莺,江西省,21
强脚树莺,广东省,17
强脚树莺,贵州省,13
强脚树莺,河南省,10
强脚树莺,四川省,7
强脚树莺,广西壮族自治区,2
强脚树莺,湖南省,2
强脚树莺,湖北省,1
强脚树莺,云南省,1
强脚树莺,山东省,1
翘鼻麻鸭,上海市,190
翘鼻麻鸭,江苏省,131
翘鼻麻鸭,浙江省,65
翘鼻麻鸭,山东省,58
翘鼻麻鸭,福建省,39
翘鼻麻鸭,安徽省,13
翘鼻麻鸭,四川省,12
翘鼻麻鸭,内蒙古自治区,8
翘鼻麻鸭,江西省,3
翘鼻麻鸭,宁夏回族自治区,2
翘鼻麻鸭,青海省,2
翘嘴鹬,上海市,189
翘嘴鹬,福建省,121
翘嘴鹬,江苏省,104
翘嘴鹬,浙江省,84
翘嘴鹬,山东省,15
翘嘴鹬,安徽省,2
翘嘴鹬,广东省,1
青藏白腰雨燕,青海省,18
青藏喜鹊,青海省,15
青藏喜鹊,西藏自治区,2
青脚滨鹬,上海市,102
青脚滨鹬,江苏省,99
青脚滨鹬,浙江省,64
青脚滨鹬,福建省,49
青脚滨鹬,山东省,21
青脚滨鹬,江西省,5
青脚滨鹬,安徽省,4
青脚滨鹬,云南省,1
青脚鹬,上海市,691
青脚鹬,江苏省,493
青脚鹬,福建省,473
青脚鹬,浙江省,384
青脚鹬,安徽省,58
青脚鹬,江西省,55
青脚鹬,山东省,45
青脚鹬,广东省,5
青脚鹬,宁夏回族自治区,4
青脚鹬,湖南省,3
青脚鹬,海南省,2
青脚鹬,云南省,2
青脚鹬,四川省,1
青脚鹬,陕西省,1
青脚鹬,青海省,1
青脚鹬,湖北省,1
青头潜鸭,江苏省,92
青头潜鸭,上海市,65
青头潜鸭,浙江省,22
青头潜鸭,山东省,16
青头潜鸭,江西省,11
青头潜鸭,安徽省,8
青头潜鸭,北京市,3
青头潜鸭,内蒙古自治区,1
青头潜鸭,福建省,1
丘鹬,上海市,43
丘鹬,福建省,12
丘鹬,江苏省,8
丘鹬,山东省,4
丘鹬,浙江省,3
丘鹬,广东省,2
丘鹬,安徽省,1
丘鹬,内蒙古自治区,1
鸲姬l,上海市,218
鸲姬l,江苏省,124
鸲姬l,浙江省,64
鸲姬l,福建省,33
鸲姬l,安徽省,12
鸲姬l,山东省,10
鸲姬l,江西省,3
鸲岩鹨,青海省,8
鸲岩鹨,西藏自治区,3
雀鹰,江苏省,115
雀鹰,浙江省,54
雀鹰,上海市,31
雀鹰,安徽省,24
雀鹰,山东省,16
雀鹰,宁夏回族自治区,13
雀鹰,福建省,11
雀鹰,北京市,9
雀鹰,内蒙古自治区,4
雀鹰,云南省,4
雀鹰,四川省,3
雀鹰,青海省,3
雀鹰,江西省,2
雀鹰,湖北省,2
雀鹰,广西壮族自治区,2
雀鹰,河北省,1
雀鹰,湖南省,1
雀鹰,黑龙江省,1
雀鹰,山西省,1
鹊鸲,上海市,1693
鹊鸲,福建省,1344
鹊鸲,浙江省,1181
鹊鸲,江苏省,1146
鹊鸲,江西省,127
鹊鸲,安徽省,108
鹊鸲,云南省,58
鹊鸲,广东省,46
鹊鸲,海南省,12
鹊鸲,重庆市,11
鹊鸲,四川省,11
鹊鸲,贵州省,10
鹊鸲,湖南省,9
鹊鸲,广西壮族自治区,7
鹊鸲,河南省,4
鹊鸲,湖北省,2
鹊鸲,山东省,2
鹊鸲,北京市,1
鹊鸲,澳门特别行政区,1
鹊鸭,上海市,38
鹊鸭,山东省,32
鹊鸭,四川省,7
鹊鸭,北京市,6
鹊鸭,江苏省,5
鹊鸭,浙江省,3
鹊鸭,内蒙古自治区,1
鹊鸭,甘肃省,1
鹊鹞,上海市,29
鹊鹞,江苏省,17
鹊鹞,浙江省,15
鹊鹞,山东省,12
鹊鹞,福建省,6
鹊鹞,广西壮族自治区,4
鹊鹞,内蒙古自治区,4
鹊鹞,江西省,2
鹊鹞,湖北省,1
日本歌鸲,上海市,23
日本歌鸲,福建省,2
日本歌鸲,江苏省,1
日本歌鸲,浙江省,1
日本n_,福建省,1
日本n_,广东省,1
日本柳莺,上海市,6
日本柳莺,福建省,1
日本树莺,上海市,12
日本松雀鹰,江苏省,109
日本松雀鹰,浙江省,58
日本松雀鹰,上海市,47
日本松雀鹰,安徽省,17
日本松雀鹰,福建省,15
日本松雀鹰,山东省,5
日本松雀鹰,广西壮族自治区,3
日本松雀鹰,内蒙古自治区,1
日本松雀鹰,辽宁省,1
日本松雀鹰,海南省,1
日本绣眼鸟,上海市,71
日本绣眼鸟,福建省,7
日本绣眼鸟,江苏省,6
日本绣眼鸟,重庆市,2
日本绣眼鸟,北京市,1
日本绣眼鸟,浙江省,1
肉垂麦鸡,云南省,5
三宝鸟,浙江省,173
三宝鸟,上海市,152
三宝鸟,江苏省,142
三宝鸟,福建省,132
三宝鸟,江西省,39
三宝鸟,安徽省,11
三宝鸟,山东省,6
三宝鸟,河南省,2
三宝鸟,云南省,1
三宝鸟,湖北省,1
三道眉草c,浙江省,186
三道眉草c,山东省,57
三道眉草c,江苏省,40
三道眉草c,福建省,15
三道眉草c,安徽省,13
三道眉草c,上海市,9
三道眉草c,北京市,7
三道眉草c,江西省,4
三道眉草c,湖南省,3
三道眉草c,广东省,1
三道眉草c,河北省,1
三道眉草c,宁夏回族自治区,1
三趾滨鹬,上海市,148
三趾滨鹬,福建省,117
三趾滨鹬,江苏省,60
三趾滨鹬,浙江省,25
三趾滨鹬,山东省,12
三趾翠鸟,云南省,4
三趾鸦雀,湖北省,3
三趾鸦雀,四川省,1
三趾啄木鸟,内蒙古自治区,4
三趾啄木鸟,甘肃省,1
三趾啄木鸟,青海省,1
三趾啄木鸟,四川省,1
沙丘鹤,江苏省,13
沙丘鹤,江西省,1
沙丘鹤,内蒙古自治区,1
沙色朱雀,青海省,4
山斑鸠,江苏省,1541
山斑鸠,上海市,654
山斑鸠,浙江省,545
山斑鸠,安徽省,263
山斑鸠,福建省,240
山斑鸠,山东省,199
山斑鸠,江西省,138
山斑鸠,湖南省,20
山斑鸠,贵州省,17
山斑鸠,云南省,15
山斑鸠,河南省,12
山斑鸠,广东省,10
山斑鸠,北京市,7
山斑鸠,四川省,6
山斑鸠,甘肃省,5
山斑鸠,内蒙古自治区,4
山斑鸠,青海省,3
山斑鸠,辽宁省,3
山斑鸠,陕西省,2
山斑鸠,西藏自治区,2
山斑鸠,湖北省,2
山斑鸠,宁夏回族自治区,1
山皇鸠,海南省,2
山皇鸠,云南省,2
山n_,江苏省,88
山n_,浙江省,42
山n_,安徽省,11
山n_,山东省,6
山n_,上海市,4
山n_,河南省,2
山n_,福建省,2
山n_,云南省,1
山鹪莺,福建省,23
山鹪莺,浙江省,17
山鹪莺,云南省,3
山鹪莺,湖南省,2
山鹪莺,上海市,1
山蓝仙l,云南省,16
山蓝仙l,贵州省,2
山鹨,福建省,6
山鹨,云南省,2
山鹨,浙江省,1
山麻雀,浙江省,253
山麻雀,福建省,96
山麻雀,江苏省,48
山麻雀,安徽省,35
山麻雀,江西省,31
山麻雀,山东省,22
山麻雀,贵州省,16
山麻雀,河南省,11
山麻雀,云南省,9
山麻雀,四川省,9
山麻雀,上海市,7
山麻雀,湖北省,3
山麻雀,湖南省,2
山麻雀,重庆市,1
山麻雀,西藏自治区,1
山鹛,北京市,5
山鹛,山东省,3
山噪鹛,青海省,7
山噪鹛,甘肃省,5
山噪鹛,北京市,3
山噪鹛,西藏自治区,1
扇尾沙锥,上海市,457
扇尾沙锥,江苏省,332
扇尾沙锥,福建省,251
扇尾沙锥,浙江省,246
扇尾沙锥,安徽省,55
扇尾沙锥,江西省,42
扇尾沙锥,山东省,32
扇尾沙锥,北京市,5
扇尾沙锥,广西壮族自治区,2
扇尾沙锥,四川省,2
扇尾沙锥,海南省,2
扇尾沙锥,湖南省,2
扇尾沙锥,河北省,1
扇尾沙锥,湖北省,1
勺鸡,浙江省,26
勺鸡,福建省,6
勺鸡,安徽省,4
勺嘴鹬,江苏省,40
勺嘴鹬,福建省,16
勺嘴鹬,上海市,2
勺嘴鹬,浙江省,2
蛇雕,福建省,210
蛇雕,浙江省,122
蛇雕,江苏省,40
蛇雕,江西省,13
蛇雕,广东省,7
蛇雕,安徽省,6
蛇雕,云南省,4
蛇雕,广西壮族自治区,4
蛇雕,湖南省,3
蛇雕,内蒙古自治区,1
石鸡,内蒙古自治区,4
石鸡,山东省,1
石鸡,甘肃省,1
石雀,青海省,12
饰胸鹬,上海市,1
寿带,上海市,87
寿带,江苏省,78
寿带,浙江省,43
寿带,福建省,26
寿带,河南省,7
寿带,安徽省,6
寿带,山东省,3
寿带,江西省,2
寿带,广东省,1
寿带,湖南省,1
寿带,四川省,1
曙红朱雀,青海省,1
树鹨,上海市,977
树鹨,江苏省,731
树鹨,福建省,695
树鹨,浙江省,686
树鹨,江西省,131
树鹨,安徽省,119
树鹨,山东省,64
树鹨,云南省,8
树鹨,四川省,7
树鹨,青海省,6
树鹨,广东省,5
树鹨,湖南省,5
树鹨,重庆市,4
树鹨,宁夏回族自治区,4
树鹨,内蒙古自治区,3
树鹨,海南省,3
树鹨,湖北省,3
树鹨,西藏自治区,1
树鹨,广西壮族自治区,1
树鹨,甘肃省,1
双斑绿柳莺,上海市,20
双斑绿柳莺,江苏省,11
双斑绿柳莺,安徽省,3
双斑绿柳莺,江西省,3
双斑绿柳莺,浙江省,3
双斑绿柳莺,甘肃省,2
双斑绿柳莺,海南省,2
双斑绿柳莺,福建省,2
双斑绿柳莺,北京市,1
双斑绿柳莺,山东省,1
双角犀鸟,云南省,2
双角犀鸟,广东省,1
水鹨,上海市,139
水鹨,江苏省,108
水鹨,浙江省,65
水鹨,江西省,35
水鹨,安徽省,24
水鹨,山东省,16
水鹨,福建省,12
水鹨,北京市,11
水鹨,四川省,2
水鹨,宁夏回族自治区,1
水雉,江苏省,186
水雉,浙江省,88
水雉,上海市,77
水雉,福建省,31
水雉,安徽省,17
水雉,江西省,7
水雉,山东省,7
水雉,云南省,2
水雉,广东省,1
丝光椋鸟,上海市,909
丝光椋鸟,江苏省,820
丝光椋鸟,浙江省,730
丝光椋鸟,福建省,341
丝光椋鸟,江西省,226
丝光椋鸟,安徽省,187
丝光椋鸟,山东省,17
丝光椋鸟,湖南省,13
丝光椋鸟,海南省,10
丝光椋鸟,广东省,8
丝光椋鸟,四川省,8
丝光椋鸟,重庆市,6
丝光椋鸟,河南省,6
丝光椋鸟,云南省,4
丝光椋鸟,湖北省,2
丝光椋鸟,陕西省,2
丝光椋鸟,北京市,1
丝绒海番鸭,上海市,71
丝绒海番鸭,山东省,1
丝绒海番鸭,江苏省,1
丝绒海番鸭,河南省,1
四川短翅莺,贵州省,7
四川短翅莺,四川省,2
四川柳莺,四川省,4
四川柳莺,云南省,3
四川柳莺,青海省,1
四川旋木雀,四川省,2
四声杜鹃,江苏省,197
四声杜鹃,上海市,190
四声杜鹃,浙江省,137
四声杜鹃,安徽省,57
四声杜鹃,山东省,46
四声杜鹃,福建省,21
四声杜鹃,云南省,8
四声杜鹃,江西省,8
四声杜鹃,河南省,6
四声杜鹃,北京市,3
四声杜鹃,海南省,2
四声杜鹃,重庆市,2
四声杜鹃,湖南省,1
四声杜鹃,广东省,1
四声杜鹃,陕西省,1
四声杜鹃,贵州省,1
松雀,内蒙古自治区,2
松雀鹰,江苏省,85
松雀鹰,福建省,63
松雀鹰,浙江省,59
松雀鹰,安徽省,18
松雀鹰,上海市,7
松雀鹰,江西省,5
松雀鹰,四川省,5
松雀鹰,广西壮族自治区,3
松雀鹰,云南省,3
松雀鹰,宁夏回族自治区,2
松雀鹰,湖南省,2
松雀鹰,广东省,1
松雀鹰,海南省,1
松雀鹰,内蒙古自治区,1
松雀鹰,北京市,1
松鸦,浙江省,293
松鸦,福建省,99
松鸦,安徽省,85
松鸦,江西省,80
松鸦,江苏省,21
松鸦,四川省,14
松鸦,内蒙古自治区,10
松鸦,河南省,8
松鸦,湖北省,5
松鸦,湖南省,5
松鸦,云南省,5
松鸦,贵州省,4
松鸦,上海市,3
松鸦,青海省,1
松鸦,河北省,1
松鸦,广东省,1
蓑羽鹤,内蒙古自治区,2
蓑羽鹤,江苏省,1
塔尾树鹊,海南省,2
塔尾树鹊,云南省,1
台湾鹎,云南省,1
台湾短翅鸫,福建省,1
台湾短翅鸫,江苏省,1
太平鸟,上海市,36
太平鸟,江苏省,25
太平鸟,山东省,13
太平鸟,宁夏回族自治区,9
太平鸟,浙江省,5
太平鸟,北京市,3
太平鸟,四川省,2
太平鸟,内蒙古自治区,2
太平鸟,青海省,1
太平鸟,甘肃省,1
田鸫,广东省,1
田鸫,福建省,1
田鸫,浙江省,1
田鹨,福建省,6
田鹨,云南省,4
田鹨,上海市,3
田鹨,江西省,2
田鹨,安徽省,1
田鹨,江苏省,1
田鹨,浙江省,1
田鹨,湖北省,1
田c,江苏省,316
田c,上海市,300
田c,浙江省,182
田c,福建省,24
田c,安徽省,22
田c,山东省,19
田c,江西省,13
田c,辽宁省,2
田c,北京市,1
铁爪c,上海市,11
铁爪c,河北省,1
铁嘴沙a,福建省,179
铁嘴沙a,上海市,168
铁嘴沙a,江苏省,102
铁嘴沙a,浙江省,78
铁嘴沙a,山东省,6
铁嘴沙a,江西省,2
铁嘴沙a,广东省,1
铁嘴沙a,海南省,1
铁嘴沙a,青海省,1
铜蓝l,福建省,46
铜蓝l,上海市,38
铜蓝l,云南省,21
铜蓝l,浙江省,14
铜蓝l,贵州省,9
铜蓝l,江西省,8
铜蓝l,广东省,4
铜蓝l,江苏省,3
铜蓝l,海南省,3
铜蓝l,广西壮族自治区,2
铜蓝l,安徽省,1
铜蓝l,湖北省,1
铜蓝l,四川省,1
秃鼻乌鸦,上海市,32
秃鼻乌鸦,江苏省,21
秃鼻乌鸦,江西省,18
秃鼻乌鸦,安徽省,17
秃鼻乌鸦,浙江省,13
秃鼻乌鸦,青海省,9
秃鼻乌鸦,山东省,5
秃鼻乌鸦,北京市,4
秃鼻乌鸦,福建省,2
秃鼻乌鸦,四川省,1
秃鼻乌鸦,山西省,1
秃鹳,内蒙古自治区,1
秃鹫,上海市,10
秃鹫,北京市,4
秃鹫,内蒙古自治区,1
秃鹫,四川省,1
秃鹫,山东省,1
秃鹫,福建省,1
秃鹫,青海省,1
弯嘴滨鹬,上海市,112
弯嘴滨鹬,福建省,87
弯嘴滨鹬,浙江省,77
弯嘴滨鹬,江苏省,70
弯嘴滨鹬,山东省,9
弯嘴滨鹬,安徽省,7
弯嘴滨鹬,江西省,3
弯嘴滨鹬,广东省,1
苇c,上海市,353
苇c,江苏省,208
苇c,山东省,32
苇c,浙江省,30
苇c,福建省,16
苇c,北京市,5
苇c,江西省,4
苇c,河北省,2
苇c,辽宁省,1
苇c,内蒙古自治区,1
苇c,安徽省,1
文须雀,青海省,5
纹背捕蛛鸟,云南省,22
纹喉凤鹛,四川省,5
纹喉凤鹛,云南省,2
纹胸巨鹛,云南省,6
纹胸巨鹛,广西壮族自治区,2
纹胸织雀,云南省,2
纹胸啄木鸟,云南省,1
乌雕,山东省,2
乌雕,浙江省,1
乌雕,北京市,1
乌雕,福建省,1
乌雕,江苏省,1
乌雕,上海市,1
乌雕,贵州省,1
乌雕,内蒙古自治区,1
乌雕,广西壮族自治区,1
乌鸫,上海市,3332
乌鸫,江苏省,3043
乌鸫,浙江省,1637
乌鸫,福建省,983
乌鸫,安徽省,317
乌鸫,山东省,296
乌鸫,江西省,213
乌鸫,广东省,38
乌鸫,北京市,21
乌鸫,湖南省,21
乌鸫,四川省,15
乌鸫,重庆市,11
乌鸫,河南省,8
乌鸫,湖北省,8
乌鸫,贵州省,6
乌鸫,云南省,2
乌鸫,广西壮族自治区,2
乌鸫,陕西省,2
乌鸫,甘肃省,2
乌灰鸫,上海市,163
乌灰鸫,江苏省,49
乌灰鸫,福建省,39
乌灰鸫,浙江省,17
乌灰鸫,安徽省,14
乌灰鸫,海南省,3
乌灰鸫,贵州省,2
乌灰鸫,湖南省,2
乌灰鸫,河南省,2
乌灰鸫,江西省,2
乌灰鸫,山东省,2
乌灰鸫,广东省,1
乌灰鸫,四川省,1
乌灰鸫,广西壮族自治区,1
乌灰鹞,安徽省,1
乌灰银鸥,福建省,35
乌灰银鸥,上海市,23
乌灰银鸥,江苏省,18
乌灰银鸥,山东省,9
乌灰银鸥,浙江省,9
乌灰银鸥,江西省,1
乌鹃,福建省,12
乌鹃,云南省,5
乌鹃,江苏省,1
乌鹃,广东省,1
乌林^,内蒙古自治区,7
乌l,上海市,155
乌l,江苏省,102
乌l,浙江省,51
乌l,福建省,32
乌l,山东省,21
乌l,安徽省,5
乌l,江西省,4
乌l,云南省,3
乌l,贵州省,1
乌燕鸥,浙江省,2
乌燕鸥,福建省,2
乌燕鸥,上海市,2
乌燕鸥,江苏省,1
乌嘴柳莺,青海省,7
乌嘴柳莺,四川省,3
乌嘴柳莺,重庆市,3
兀鹫,内蒙古自治区,1
兀鹫,青海省,1
西伯利亚银鸥,上海市,320
西伯利亚银鸥,江苏省,197
西伯利亚银鸥,浙江省,121
西伯利亚银鸥,福建省,78
西伯利亚银鸥,山东省,70
西伯利亚银鸥,安徽省,22
西伯利亚银鸥,江西省,21
西伯利亚银鸥,四川省,4
西伯利亚银鸥,广东省,1
西伯利亚银鸥,北京市,1
西伯利亚银鸥,内蒙古自治区,1
西方滨鹬,江苏省,1
西方灰伯劳,内蒙古自治区,1
西方秧鸡,江苏省,13
西方秧鸡,北京市,1
西方秧鸡,山东省,1
西黄n_,上海市,1
西黄n_,福建省,1
西南冠纹柳莺,云南省,7
西南冠纹柳莺,贵州省,3
西南冠纹柳莺,四川省,1
锡嘴雀,上海市,52
锡嘴雀,山东省,41
锡嘴雀,江苏省,26
锡嘴雀,浙江省,6
锡嘴雀,宁夏回族自治区,2
锡嘴雀,福建省,2
锡嘴雀,内蒙古自治区,2
锡嘴雀,安徽省,1
锡嘴雀,辽宁省,1
锡嘴雀,北京市,1
喜鹊,江苏省,2615
喜鹊,上海市,2038
喜鹊,浙江省,1005
喜鹊,福建省,550
喜鹊,山东省,484
喜鹊,安徽省,278
喜鹊,宁夏回族自治区,190
喜鹊,江西省,75
喜鹊,北京市,54
喜鹊,青海省,19
喜鹊,河南省,18
喜鹊,湖南省,17
喜鹊,四川省,14
喜鹊,内蒙古自治区,12
喜鹊,湖北省,12
喜鹊,广东省,9
喜鹊,甘肃省,6
喜鹊,云南省,6
喜鹊,辽宁省,5
喜鹊,陕西省,5
喜鹊,贵州省,5
喜鹊,河北省,4
喜鹊,山西省,4
喜鹊,黑龙江省,3
喜鹊,重庆市,2
喜山白眉朱雀,青海省,2
喜山短翅鸫,江苏省,1
喜山短翅鸫,四川省,1
喜山红眉朱雀,青海省,7
喜山红眉朱雀,四川省,1
喜山红眉朱雀,西藏自治区,1
喜山\,云南省,4
喜山\,青海省,3
喜山\,四川省,2
细嘴短趾百灵,青海省,9
细嘴黄鹂,云南省,4
仙八色鸫,上海市,66
仙八色鸫,江苏省,18
仙八色鸫,安徽省,9
仙八色鸫,浙江省,3
仙八色鸫,山东省,3
仙八色鸫,河南省,1
仙八色鸫,江西省,1
小白额雁,江西省,8
小白额雁,江苏省,8
小白额雁,浙江省,6
小白额雁,安徽省,5
小白额雁,福建省,2
小白额雁,上海市,2
小白额雁,内蒙古自治区,1
小白额雁,广东省,1
小白腰雨燕,福建省,398
小白腰雨燕,浙江省,58
小白腰雨燕,云南省,29
小白腰雨燕,江西省,19
小白腰雨燕,江苏省,11
小白腰雨燕,广东省,9
小白腰雨燕,上海市,6
小白腰雨燕,海南省,6
小白腰雨燕,重庆市,4
小白腰雨燕,贵州省,4
小白腰雨燕,山东省,2
小白腰雨燕,安徽省,2
小白腰雨燕,广西壮族自治区,1
小白腰雨燕,甘肃省,1
小白腰雨燕,湖南省,1
小白腰雨燕,四川省,1
小斑姬l,云南省,10
小斑啄木鸟,内蒙古自治区,3
小杓鹬,江苏省,54
小杓鹬,上海市,41
小杓鹬,浙江省,21
小杓鹬,福建省,20
小杓鹬,山东省,12
小滨鹬,上海市,18
小滨鹬,江苏省,15
小滨鹬,福建省,4
小滨鹬,山东省,3
小滨鹬,浙江省,2
小滨鹬,安徽省,1
小杜鹃,江苏省,50
小杜鹃,上海市,36
小杜鹃,浙江省,34
小杜鹃,福建省,21
小杜鹃,贵州省,12
小杜鹃,安徽省,8
小杜鹃,山东省,4
小杜鹃,四川省,2
小杜鹃,宁夏回族自治区,1
小杜鹃,广东省,1
小黑领噪鹛,福建省,85
小黑领噪鹛,江苏省,61
小黑领噪鹛,浙江省,21
小黑领噪鹛,安徽省,5
小黑领噪鹛,云南省,3
小黑领噪鹛,江西省,1
小黑领噪鹛,海南省,1
小蝗莺,上海市,4
小蝗莺,江苏省,3
小蝗莺,山东省,2
小蝗莺,福建省,2
小蝗莺,内蒙古自治区,1
小蝗莺,浙江省,1
小灰山椒鸟,浙江省,264
小灰山椒鸟,江苏省,251
小灰山椒鸟,安徽省,64
小灰山椒鸟,江西省,32
小灰山椒鸟,福建省,15
小灰山椒鸟,上海市,9
小灰山椒鸟,河南省,8
小灰山椒鸟,海南省,6
小灰山椒鸟,湖南省,3
小灰山椒鸟,广西壮族自治区,3
小灰山椒鸟,山东省,3
小鳞胸鹪鹛,福建省,89
小鳞胸鹪鹛,浙江省,15
小鳞胸鹪鹛,安徽省,9
小鳞胸鹪鹛,贵州省,9
小鳞胸鹪鹛,广东省,4
小鳞胸鹪鹛,重庆市,3
小鳞胸鹪鹛,四川省,3
小鳞胸鹪鹛,云南省,2
小鳞胸鹪鹛,广西壮族自治区,1
小美洲黑雁,浙江省,2
小美洲黑雁,福建省,2
小美洲黑雁,河北省,1
小美洲黑雁,内蒙古自治区,1
小鸥,广东省,1
小鸥,江苏省,1
小盘尾,云南省,4
小盘尾,上海市,1
小青脚鹬,江苏省,36
小青脚鹬,上海市,14
小青脚鹬,福建省,7
小青脚鹬,山东省,2
小青脚鹬,江西省,1
小青脚鹬,浙江省,1
小绒鸭,内蒙古自治区,1
小绒鸭,河南省,1
小太平鸟,上海市,170
小太平鸟,江苏省,154
小太平鸟,浙江省,46
小太平鸟,福建省,42
小太平鸟,山东省,26
小太平鸟,四川省,5
小太平鸟,宁夏回族自治区,2
小太平鸟,江西省,2
小太平鸟,北京市,1
小太平鸟,安徽省,1
小太平鸟,内蒙古自治区,1
小天鹅,江苏省,183
小天鹅,福建省,82
小天鹅,江西省,59
小天鹅,浙江省,38
小天鹅,上海市,35
小天鹅,安徽省,28
小天鹅,山东省,22
小天鹅,北京市,2
小天鹅,内蒙古自治区,1
小天鹅,海南省,1
小天鹅,广东省,1
小天鹅,河北省,1
小天鹅,湖北省,1
小田鸡,浙江省,9
小田鸡,山东省,5
小田鸡,福建省,2
小田鸡,安徽省,1
小c,上海市,402
小c,浙江省,232
小c,江苏省,208
小c,福建省,190
小c,江西省,69
小c,山东省,68
小c,安徽省,66
小c,四川省,9
小c,北京市,8
小c,湖南省,6
小c,云南省,6
小c,湖北省,5
小c,广东省,2
小c,广西壮族自治区,1
小c,内蒙古自治区,1
小c,陕西省,1
小仙l,福建省,27
小仙l,浙江省,6
小仙l,云南省,6
小仙l,广西壮族自治区,1
小仙l,广东省,1
小仙l,江西省,1
小星头啄木鸟,山东省,1
小星头啄木鸟,北京市,1
小鸦鹃,上海市,254
小鸦鹃,浙江省,138
小鸦鹃,江苏省,90
小鸦鹃,福建省,78
小鸦鹃,安徽省,31
小鸦鹃,江西省,6
小鸦鹃,云南省,4
小鸦鹃,山东省,3
小鸦鹃,河南省,2
小鸦鹃,湖南省,1
小鸦鹃,海南省,1
小燕尾,浙江省,98
小燕尾,福建省,40
小燕尾,安徽省,20
小燕尾,四川省,12
小燕尾,江西省,8
小燕尾,云南省,3
小燕尾,湖北省,2
小燕尾,重庆市,2
小燕尾,广东省,1
小燕尾,贵州省,1
小云雀,上海市,424
小云雀,浙江省,138
小云雀,江苏省,134
小云雀,福建省,100
小云雀,安徽省,33
小云雀,青海省,25
小云雀,江西省,19
小云雀,云南省,4
小云雀,湖南省,4
小云雀,湖北省,3
小云雀,内蒙古自治区,3
小云雀,海南省,2
小云雀,北京市,1
小云雀,山东省,1
小云雀,广东省,1
小云雀,贵州省,1
小嘴乌鸦,北京市,30
小嘴乌鸦,江苏省,22
小嘴乌鸦,安徽省,19
小嘴乌鸦,江西省,18
小嘴乌鸦,青海省,17
小嘴乌鸦,上海市,9
小嘴乌鸦,浙江省,8
小嘴乌鸦,四川省,6
小嘴乌鸦,云南省,5
小嘴乌鸦,福建省,5
小嘴乌鸦,山东省,4
小嘴乌鸦,内蒙古自治区,2
小嘴乌鸦,宁夏回族自治区,2
小嘴乌鸦,甘肃省,2
小嘴乌鸦,河南省,1
小嘴乌鸦,河北省,1
小嘴乌鸦,辽宁省,1
小嘴乌鸦,黑龙江省,1
小嘴乌鸦,贵州省,1
楔尾伯劳,上海市,104
楔尾伯劳,江苏省,72
楔尾伯劳,山东省,37
楔尾伯劳,浙江省,27
楔尾伯劳,福建省,23
楔尾伯劳,安徽省,11
楔尾伯劳,内蒙古自治区,3
楔尾伯劳,河北省,2
楔尾伯劳,辽宁省,2
楔尾伯劳,青海省,2
楔尾伯劳,宁夏回族自治区,1
楔尾伯劳,江西省,1
楔尾伯劳,广东省,1
楔尾鹱,江苏省,5
楔尾鹱,上海市,4
楔尾鹱,浙江省,1
楔尾绿鸠,云南省,2
楔尾绿鸠,四川省,1
星头啄木鸟,江苏省,358
星头啄木鸟,安徽省,170
星头啄木鸟,福建省,125
星头啄木鸟,浙江省,85
星头啄木鸟,江西省,78
星头啄木鸟,山东省,76
星头啄木鸟,北京市,18
星头啄木鸟,四川省,18
星头啄木鸟,云南省,11
星头啄木鸟,河南省,10
星头啄木鸟,海南省,5
星头啄木鸟,贵州省,3
星头啄木鸟,陕西省,3
星头啄木鸟,湖北省,3
星头啄木鸟,上海市,2
星头啄木鸟,宁夏回族自治区,1
星头啄木鸟,青海省,1
星头啄木鸟,山西省,1
星鸦,四川省,11
星鸦,湖北省,3
星鸦,云南省,2
星鸦,甘肃省,1
星鸦,陕西省,1
星鸦,广东省,1
休氏旋木雀,云南省,1
锈额斑翅鹛,云南省,11
锈胸蓝姬l,青海省,9
锈胸蓝姬l,云南省,2
锈胸蓝姬l,四川省,1
须浮鸥,江苏省,242
须浮鸥,上海市,190
须浮鸥,浙江省,109
须浮鸥,福建省,96
须浮鸥,山东省,36
须浮鸥,江西省,33
须浮鸥,安徽省,16
须浮鸥,内蒙古自治区,1
须浮鸥,新疆维吾尔自治区,1
旋木雀,四川省,6
旋木雀,青海省,4
旋木雀,内蒙古自治区,1
旋木雀,辽宁省,1
旋木雀,湖北省,1
旋木雀,北京市,1
靴隼雕,云南省,3
靴隼雕,广西壮族自治区,2
靴隼雕,北京市,1
靴隼雕,内蒙古自治区,1
雪鹑,四川省,3
雪鸽,四川省,5
雪鸽,青海省,5
雪鸽,广东省,1
雪c,内蒙古自治区,3
雪^,内蒙古自治区,3
雪^,黑龙江省,2
雪雁,江西省,1
雪雁,内蒙古自治区,1
雪雁,山东省,1
雪雁,河北省,1
雪雁,浙江省,1
血雀,云南省,1
血雉,陕西省,1
鸦嘴卷尾,福建省,14
鸦嘴卷尾,云南省,7
崖沙燕,上海市,91
崖沙燕,江苏省,48
崖沙燕,浙江省,13
崖沙燕,山东省,13
崖沙燕,江西省,8
崖沙燕,四川省,8
崖沙燕,青海省,7
崖沙燕,福建省,6
崖沙燕,广东省,2
崖沙燕,内蒙古自治区,1
崖沙燕,安徽省,1
亚历山大鹦鹉,云南省,4
亚洲短趾百灵,山东省,15
亚洲短趾百灵,青海省,2
亚洲短趾百灵,上海市,2
亚洲短趾百灵,内蒙古自治区,2
烟腹毛脚燕,浙江省,86
烟腹毛脚燕,福建省,85
烟腹毛脚燕,青海省,17
烟腹毛脚燕,贵州省,10
烟腹毛脚燕,上海市,9
烟腹毛脚燕,江苏省,9
烟腹毛脚燕,安徽省,9
烟腹毛脚燕,江西省,8
烟腹毛脚燕,重庆市,6
烟腹毛脚燕,四川省,5
烟腹毛脚燕,云南省,4
烟腹毛脚燕,湖南省,1
烟腹毛脚燕,甘肃省,1
烟腹毛脚燕,海南省,1
烟柳莺,青海省,1
岩鸽,青海省,32
岩鸽,山东省,5
岩鸽,西藏自治区,3
岩鸽,北京市,3
岩鸽,甘肃省,3
岩鸽,内蒙古自治区,2
岩鸽,江苏省,1
岩鹭,福建省,33
岩鹭,浙江省,22
岩鹭,上海市,3
岩鹭,广东省,3
岩燕,青海省,9
岩燕,甘肃省,2
岩燕,广东省,1
岩燕,江苏省,1
岩燕,西藏自治区,1
眼纹噪鹛,重庆市,7
眼纹噪鹛,湖北省,1
燕雀,江苏省,470
燕雀,浙江省,337
燕雀,上海市,287
燕雀,山东省,179
燕雀,安徽省,73
燕雀,江西省,50
燕雀,福建省,28
燕雀,北京市,26
燕雀,四川省,8
燕雀,宁夏回族自治区,8
燕雀,湖南省,5
燕雀,云南省,2
燕雀,广东省,2
燕雀,贵州省,1
燕雀,湖北省,1
燕雀,山西省,1
燕隼,江苏省,134
燕隼,浙江省,87
燕隼,上海市,50
燕隼,福建省,32
燕隼,安徽省,16
燕隼,山东省,10
燕隼,青海省,7
燕隼,广西壮族自治区,3
燕隼,江西省,2
燕隼,云南省,1
燕隼,北京市,1
洋斑燕,福建省,1
夜鹭,上海市,2239
夜鹭,江苏省,1576
夜鹭,浙江省,886
夜鹭,福建省,806
夜鹭,山东省,153
夜鹭,安徽省,138
夜鹭,江西省,92
夜鹭,广东省,15
夜鹭,宁夏回族自治区,11
夜鹭,云南省,10
夜鹭,四川省,9
夜鹭,北京市,5
夜鹭,河南省,5
夜鹭,湖北省,5
夜鹭,湖南省,4
夜鹭,陕西省,4
夜鹭,重庆市,4
夜鹭,贵州省,2
夜鹭,海南省,2
夜鹭,甘肃省,1
夜鹭,山西省,1
遗鸥,江苏省,30
遗鸥,福建省,21
遗鸥,山东省,16
遗鸥,安徽省,5
遗鸥,上海市,5
遗鸥,浙江省,3
遗鸥,内蒙古自治区,1
异色树莺,四川省,2
异色树莺,云南省,1
银耳相思鸟,云南省,20
银耳相思鸟,浙江省,3
银耳相思鸟,广西壮族自治区,1
银喉长尾山雀,江苏省,1058
银喉长尾山雀,山东省,164
银喉长尾山雀,浙江省,156
银喉长尾山雀,安徽省,146
银喉长尾山雀,上海市,109
银喉长尾山雀,宁夏回族自治区,75
银喉长尾山雀,北京市,16
银喉长尾山雀,河南省,8
银喉长尾山雀,青海省,3
银喉长尾山雀,江西省,3
银喉长尾山雀,山西省,2
银喉长尾山雀,甘肃省,2
银喉长尾山雀,湖北省,2
银喉长尾山雀,内蒙古自治区,1
银脸长尾山雀,四川省,13
银脸长尾山雀,湖北省,3
银脸长尾山雀,北京市,1
银脸长尾山雀,江苏省,1
银胸丝冠鸟,云南省,1
银胸丝冠鸟,海南省,1
印缅斑嘴鸭,云南省,11
印缅斑嘴鸭,广东省,1
印缅斑嘴鸭,内蒙古自治区,1
印支白腰雨燕,云南省,3
印支绿鹊,广西壮族自治区,3
印支绿鹊,海南省,2
鹰雕,福建省,43
鹰雕,浙江省,19
鹰雕,四川省,10
鹰雕,江西省,6
鹰雕,安徽省,3
鹰雕,云南省,2
鹰雕,内蒙古自治区,1
鹰鹃,福建省,169
鹰鹃,江苏省,159
鹰鹃,浙江省,117
鹰鹃,安徽省,45
鹰鹃,上海市,20
鹰鹃,河南省,10
鹰鹃,江西省,5
鹰鹃,广东省,5
鹰鹃,山东省,4
鹰鹃,四川省,2
鹰鹃,云南省,2
鹰鹃,湖北省,1
鹰鹃,贵州省,1
鹰鹃,北京市,1
鹰^,云南省,4
鹰^,安徽省,3
鹰^,上海市,1
鹰^,浙江省,1
疣鼻天鹅,山东省,31
疣鼻天鹅,江苏省,27
疣鼻天鹅,浙江省,2
疣鼻天鹅,北京市,1
疣鼻天鹅,内蒙古自治区,1
疣鼻天鹅,安徽省,1
疣鼻天鹅,上海市,1
游隼,上海市,280
游隼,江苏省,198
游隼,浙江省,176
游隼,福建省,77
游隼,安徽省,27
游隼,山东省,22
游隼,江西省,12
游隼,北京市,6
游隼,云南省,5
游隼,青海省,4
游隼,重庆市,3
游隼,广东省,2
游隼,宁夏回族自治区,1
游隼,河北省,1
渔鸥,青海省,12
渔鸥,江苏省,10
渔鸥,山东省,3
渔鸥,上海市,2
渔鸥,甘肃省,2
渔鸥,福建省,2
渔鸥,宁夏回族自治区,1
渔鸥,广东省,1
渔鸥,浙江省,1
渔鸥,安徽省,1
渔鸥,四川省,1
渔鸥,西藏自治区,1
玉带海雕,青海省,6
玉带海雕,内蒙古自治区,1
玉头姬l,云南省,2
鸳鸯,浙江省,250
鸳鸯,江苏省,216
鸳鸯,上海市,92
鸳鸯,江西省,32
鸳鸯,福建省,28
鸳鸯,安徽省,17
鸳鸯,北京市,11
鸳鸯,山东省,9
鸳鸯,贵州省,9
鸳鸯,河南省,4
鸳鸯,四川省,2
鸳鸯,湖北省,1
鸳鸯,重庆市,1
鸳鸯,内蒙古自治区,1
原鸽,上海市,11
原鸽,青海省,7
原鸽,江苏省,5
原鸽,宁夏回族自治区,4
原鸽,北京市,2
原鸽,浙江省,2
原鸽,广东省,2
原鸽,安徽省,2
原鸽,陕西省,1
原鸽,西藏自治区,1
原鸽,内蒙古自治区,1
原鸽,山西省,1
原鸽,福建省,1
远东山雀,上海市,2351
远东山雀,江苏省,2022
远东山雀,浙江省,1564
远东山雀,福建省,934
远东山雀,安徽省,265
远东山雀,山东省,256
远东山雀,江西省,211
远东山雀,云南省,29
远东山雀,广东省,28
远东山雀,北京市,25
远东山雀,贵州省,14
远东山雀,湖南省,14
远东山雀,青海省,14
远东山雀,河南省,11
远东山雀,四川省,7
远东山雀,湖北省,6
远东山雀,重庆市,6
远东山雀,辽宁省,3
远东山雀,甘肃省,3
远东山雀,西藏自治区,3
远东山雀,宁夏回族自治区,2
远东山雀,广西壮族自治区,1
远东山雀,陕西省,1
远东山雀,黑龙江省,1
远东山雀,内蒙古自治区,1
远东树莺,上海市,307
远东树莺,江苏省,141
远东树莺,浙江省,122
远东树莺,福建省,29
远东树莺,安徽省,18
远东树莺,山东省,9
远东树莺,江西省,4
远东树莺,广西壮族自治区,1
远东树莺,陕西省,1
远东树莺,湖北省,1
远东苇莺,上海市,1
云南白斑尾柳莺,贵州省,2
云南白斑尾柳莺,云南省,2
云南柳莺,山东省,3
云南柳莺,湖北省,2
云南柳莺,云南省,2
云南柳莺,四川省,1
云南柳莺,上海市,1
云南雀鹛,云南省,14
云雀,上海市,123
云雀,浙江省,59
云雀,江苏省,56
云雀,山东省,29
云雀,江西省,27
云雀,安徽省,19
云雀,福建省,12
云雀,青海省,11
云雀,内蒙古自治区,4
云雀,宁夏回族自治区,2
云雀,湖南省,2
云雀,湖北省,2
云雀,云南省,1
云雀,北京市,1
云雀,河北省,1
云雀,广东省,1
云石斑鸭,内蒙古自治区,1
云石斑鸭,浙江省,1
杂色山雀,广东省,2
杂色山雀,江苏省,1
噪大苇莺,贵州省,1
噪大苇莺,云南省,1
噪鹃,福建省,229
噪鹃,江苏省,171
噪鹃,安徽省,74
噪鹃,浙江省,67
噪鹃,上海市,43
噪鹃,广东省,13
噪鹃,山东省,12
噪鹃,云南省,9
噪鹃,河南省,8
噪鹃,贵州省,6
噪鹃,江西省,4
噪鹃,重庆市,2
噪鹃,北京市,2
噪鹃,湖南省,1
噪鹃,宁夏回族自治区,1
噪鹃,陕西省,1
噪鹃,广西壮族自治区,1
噪鹃,湖北省,1
泽鹬,上海市,319
泽鹬,江苏省,218
泽鹬,浙江省,155
泽鹬,福建省,120
泽鹬,山东省,32
泽鹬,江西省,17
泽鹬,安徽省,14
泽鹬,广东省,6
泽鹬,广西壮族自治区,1
泽鹬,海南省,1
沼泽大尾莺,云南省,6
沼泽山雀,北京市,17
沼泽山雀,山东省,10
沼泽山雀,内蒙古自治区,6
沼泽山雀,四川省,1
沼泽山雀,广东省,1
沼泽山雀,宁夏回族自治区,1
赭红尾鸲,青海省,38
赭红尾鸲,甘肃省,3
赭红尾鸲,上海市,3
赭红尾鸲,山东省,1
赭红尾鸲,广东省,1
赭红尾鸲,四川省,1
赭红尾鸲,浙江省,1
针尾绿鸠,云南省,1
针尾沙锥,上海市,80
针尾沙锥,福建省,24
针尾沙锥,江西省,15
针尾沙锥,浙江省,11
针尾沙锥,江苏省,10
针尾沙锥,安徽省,5
针尾沙锥,广西壮族自治区,1
针尾沙锥,山东省,1
针尾鸭,上海市,242
针尾鸭,福建省,136
针尾鸭,江苏省,116
针尾鸭,浙江省,86
针尾鸭,江西省,24
针尾鸭,山东省,24
针尾鸭,广东省,5
针尾鸭,安徽省,5
针尾鸭,北京市,4
针尾鸭,四川省,3
针尾鸭,贵州省,2
针尾鸭,青海省,1
针尾鸭,西藏自治区,1
针尾鸭,内蒙古自治区,1
震旦鸦雀,上海市,349
震旦鸦雀,江苏省,79
震旦鸦雀,山东省,58
震旦鸦雀,浙江省,19
震旦鸦雀,安徽省,2
震旦鸦雀,北京市,2
震旦鸦雀,湖南省,1
震旦鸦雀,天津市,1
震旦鸦雀,宁夏回族自治区,1
雉鹑,上海市,1
雉鸡,上海市,846
雉鸡,江苏省,673
雉鸡,浙江省,371
雉鸡,福建省,253
雉鸡,山东省,157
雉鸡,安徽省,120
雉鸡,江西省,81
雉鸡,宁夏回族自治区,25
雉鸡,青海省,15
雉鸡,内蒙古自治区,7
雉鸡,黑龙江省,4
雉鸡,湖北省,4
雉鸡,贵州省,4
雉鸡,河南省,2
雉鸡,北京市,2
雉鸡,湖南省,2
雉鸡,云南省,2
雉鸡,河北省,2
雉鸡,辽宁省,1
雉鸡,甘肃省,1
雉鸡,四川省,1
雉鸡,重庆市,1
中白鹭,上海市,427
中白鹭,浙江省,292
中白鹭,江苏省,274
中白鹭,福建省,168
中白鹭,江西省,61
中白鹭,安徽省,52
中白鹭,山东省,23
中白鹭,云南省,11
中白鹭,河南省,6
中白鹭,广东省,5
中白鹭,海南省,3
中白鹭,陕西省,2
中白鹭,宁夏回族自治区,2
中白鹭,四川省,2
中白鹭,贵州省,1
中杓鹬,上海市,337
中杓鹬,福建省,140
中杓鹬,江苏省,130
中杓鹬,浙江省,83
中杓鹬,山东省,30
中杓鹬,广东省,4
中杓鹬,安徽省,1
中杓鹬,江西省,1
中杜鹃,上海市,19
中杜鹃,浙江省,15
中杜鹃,福建省,8
中杜鹃,安徽省,6
中杜鹃,江苏省,5
中杜鹃,四川省,2
中杜鹃,贵州省,1
中杜鹃,海南省,1
中杜鹃,云南省,1
中华短翅鸫,福建省,4
中华短翅莺,内蒙古自治区,1
中华短翅莺,江西省,1
中华凤头燕鸥,福建省,23
中华凤头燕鸥,浙江省,14
中华凤头燕鸥,山东省,5
中华凤头燕鸥,上海市,1
中华攀雀,上海市,363
中华攀雀,江苏省,174
中华攀雀,福建省,103
中华攀雀,浙江省,94
中华攀雀,山东省,37
中华攀雀,安徽省,14
中华攀雀,江西省,13
中华攀雀,宁夏回族自治区,1
中华攀雀,青海省,1
中华秋沙鸭,浙江省,69
中华秋沙鸭,江西省,32
中华秋沙鸭,福建省,20
中华秋沙鸭,安徽省,14
中华秋沙鸭,上海市,6
中华秋沙鸭,江苏省,2
中华秋沙鸭,山东省,1
中华秋沙鸭,宁夏回族自治区,1
中华秋沙鸭,内蒙古自治区,1
中华仙l,山东省,1
中华仙l,四川省,1
中华鹧鸪,福建省,25
中华鹧鸪,安徽省,1
中南寿带,云南省,3
中亚鸽,宁夏回族自治区,1
朱背啄花鸟,云南省,5
朱背啄花鸟,海南省,2
朱背啄花鸟,广东省,1
朱背啄花鸟,福建省,1
朱背啄花鸟,广西壮族自治区,1
朱q,河南省,12
朱q,浙江省,7
朱q,陕西省,3
朱鹂,云南省,12
朱c,青海省,6
侏蓝仙l,云南省,1
珠颈斑鸠,上海市,4223
珠颈斑鸠,江苏省,2948
珠颈斑鸠,浙江省,1785
珠颈斑鸠,福建省,1540
珠颈斑鸠,山东省,347
珠颈斑鸠,安徽省,325
珠颈斑鸠,江西省,254
珠颈斑鸠,广东省,38
珠颈斑鸠,云南省,28
珠颈斑鸠,北京市,28
珠颈斑鸠,四川省,22
珠颈斑鸠,湖南省,19
珠颈斑鸠,宁夏回族自治区,19
珠颈斑鸠,湖北省,9
珠颈斑鸠,贵州省,8
珠颈斑鸠,河南省,8
珠颈斑鸠,海南省,7
珠颈斑鸠,重庆市,6
珠颈斑鸠,甘肃省,4
珠颈斑鸠,陕西省,2
珠颈斑鸠,青海省,2
珠颈斑鸠,天津市,1
珠颈斑鸠,澳门特别行政区,1
竹啄木鸟,福建省,7
紫背椋鸟,上海市,11
紫背椋鸟,浙江省,3
紫背椋鸟,江苏省,1
紫背苇Z,上海市,34
紫背苇Z,浙江省,17
紫背苇Z,福建省,2
紫背苇Z,山东省,2
紫背苇Z,安徽省,1
紫背苇Z,江苏省,1
紫背苇Z,广东省,1
紫翅椋鸟,江苏省,28
紫翅椋鸟,福建省,15
紫翅椋鸟,上海市,10
紫翅椋鸟,江西省,6
紫翅椋鸟,安徽省,2
紫翅椋鸟,浙江省,2
紫翅椋鸟,广东省,1
紫翅椋鸟,山东省,1
紫颊直嘴太阳鸟,云南省,4
紫金鹃,云南省,1
紫色花蜜鸟,云南省,1
紫寿带,上海市,203
紫寿带,福建省,42
紫寿带,江苏省,14
紫寿带,浙江省,5
紫寿带,广东省,1
紫水鸡,福建省,16
紫水鸡,云南省,10
紫水鸡,贵州省,1
紫水鸡,内蒙古自治区,1
紫水鸡,海南省,1
紫啸鸫,福建省,280
紫啸鸫,浙江省,150
紫啸鸫,江苏省,83
紫啸鸫,安徽省,38
紫啸鸫,广东省,15
紫啸鸫,江西省,10
紫啸鸫,河南省,9
紫啸鸫,上海市,6
紫啸鸫,四川省,6
紫啸鸫,贵州省,5
紫啸鸫,云南省,3
紫啸鸫,重庆市,3
紫啸鸫,湖南省,2
紫啸鸫,湖北省,1
棕背伯劳,上海市,3248
棕背伯劳,江苏省,2077
棕背伯劳,浙江省,1296
棕背伯劳,福建省,1122
棕背伯劳,安徽省,259
棕背伯劳,江西省,218
棕背伯劳,山东省,162
棕背伯劳,云南省,44
棕背伯劳,广东省,19
棕背伯劳,湖南省,11
棕背伯劳,海南省,9
棕背伯劳,四川省,8
棕背伯劳,贵州省,5
棕背伯劳,北京市,4
棕背伯劳,河南省,4
棕背伯劳,湖北省,3
棕背伯劳,陕西省,3
棕背伯劳,重庆市,3
棕背伯劳,黑龙江省,1
棕背伯劳,河北省,1
棕背伯劳,广西壮族自治区,1
棕背黑头鸫,青海省,19
棕背黑头鸫,四川省,4
棕背田鸡,云南省,1
棕背田鸡,广西壮族自治区,1
棕背雪雀,青海省,2
棕草鹛,青海省,4
棕翅\鹰,内蒙古自治区,1
棕腹大仙l,福建省,3
棕腹大仙l,云南省,2
棕腹大仙l,江西省,2
棕腹大仙l,广东省,1
棕腹大仙l,广西壮族自治区,1
棕腹大仙l,浙江省,1
棕腹大仙l,四川省,1
棕腹柳莺,浙江省,5
棕腹柳莺,贵州省,5
棕腹柳莺,福建省,5
棕腹柳莺,云南省,3
棕腹柳莺,重庆市,2
棕腹柳莺,江西省,2
棕腹柳莺,湖北省,1
棕腹柳莺,内蒙古自治区,1
棕腹隼雕,云南省,1
棕腹隼雕,内蒙古自治区,1
棕腹仙l,云南省,8
棕腹啄木鸟,江苏省,27
棕腹啄木鸟,安徽省,7
棕腹啄木鸟,山东省,6
棕腹啄木鸟,四川省,1
棕腹啄木鸟,重庆市,1
棕腹啄木鸟,湖南省,1
棕褐短翅莺,贵州省,7
棕褐短翅莺,福建省,7
棕褐短翅莺,浙江省,3
棕褐短翅莺,江西省,3
棕褐短翅莺,四川省,2
棕褐短翅莺,湖北省,1
棕颈钩嘴鹛,福建省,382
棕颈钩嘴鹛,浙江省,282
棕颈钩嘴鹛,江苏省,78
棕颈钩嘴鹛,江西省,43
棕颈钩嘴鹛,安徽省,29
棕颈钩嘴鹛,四川省,15
棕颈钩嘴鹛,广东省,12
棕颈钩嘴鹛,云南省,11
棕颈钩嘴鹛,河南省,6
棕颈钩嘴鹛,广西壮族自治区,4
棕颈钩嘴鹛,贵州省,4
棕颈钩嘴鹛,海南省,3
棕颈钩嘴鹛,山东省,2
棕颈钩嘴鹛,重庆市,2
棕颈钩嘴鹛,湖南省,1
棕颈钩嘴鹛,湖北省,1
棕颈雪雀,青海省,20
棕颈雪雀,西藏自治区,1
棕颈雪雀,广东省,1
棕颈鸭,福建省,1
棕颈鸭,内蒙古自治区,1
棕脸l莺,浙江省,567
棕脸l莺,江苏省,270
棕脸l莺,福建省,260
棕脸l莺,安徽省,88
棕脸l莺,上海市,76
棕脸l莺,江西省,43
棕脸l莺,四川省,13
棕脸l莺,贵州省,12
棕脸l莺,湖南省,4
棕脸l莺,重庆市,2
棕脸l莺,河南省,2
棕脸l莺,湖北省,2
棕脸l莺,云南省,2
棕脸l莺,山东省,1
棕脸l莺,广东省,1
棕脸l莺,陕西省,1
棕脸l莺,广西壮族自治区,1
棕眉柳莺,青海省,9
棕眉柳莺,上海市,3
棕眉柳莺,内蒙古自治区,1
棕眉柳莺,山东省,1
棕眉柳莺,安徽省,1
棕眉山岩鹨,山东省,7
棕眉山岩鹨,北京市,4
棕眉山岩鹨,湖南省,1
棕眉山岩鹨,宁夏回族自治区,1
棕三趾鹑,海南省,3
棕三趾鹑,福建省,1
棕扇尾莺,上海市,367
棕扇尾莺,江苏省,196
棕扇尾莺,浙江省,117
棕扇尾莺,福建省,62
棕扇尾莺,江西省,31
棕扇尾莺,安徽省,27
棕扇尾莺,山东省,12
棕扇尾莺,云南省,5
棕扇尾莺,广东省,3
棕扇尾莺,海南省,2
棕扇尾莺,河南省,1
棕扇尾莺,湖北省,1
棕扇尾莺,贵州省,1
棕头钩嘴鹛,云南省,3
棕头鸥,青海省,19
棕头鸥,四川省,6
棕头鸥,广东省,1
棕头鸥,西藏自治区,1
棕头雀鹛,云南省,6
棕头雀鹛,四川省,6
棕头雀鹛,江苏省,2
棕头雀鹛,浙江省,2
棕头雀鹛,上海市,2
棕头鸦雀,上海市,1896
棕头鸦雀,江苏省,1780
棕头鸦雀,浙江省,972
棕头鸦雀,山东省,270
棕头鸦雀,安徽省,177
棕头鸦雀,江西省,102
棕头鸦雀,福建省,40
棕头鸦雀,北京市,21
棕头鸦雀,四川省,17
棕头鸦雀,湖南省,10
棕头鸦雀,贵州省,9
棕头鸦雀,云南省,8
棕头鸦雀,湖北省,7
棕头鸦雀,重庆市,6
棕头鸦雀,陕西省,2
棕头鸦雀,河南省,2
棕头鸦雀,广东省,1
棕头鸦雀,广西壮族自治区,1
棕头幽鹛,云南省,8
棕头幽鹛,浙江省,2
棕臀凤鹛,云南省,3
棕尾伯劳,江苏省,7
棕尾伯劳,福建省,6
棕尾伯劳,上海市,5
棕尾伯劳,浙江省,1
棕尾伯劳,重庆市,1
棕尾伯劳,山东省,1
棕尾伯劳,青海省,1
棕尾伯劳,安徽省,1
棕尾伯劳,新疆维吾尔自治区,1
棕尾褐l,福建省,32
棕尾褐l,云南省,5
棕尾褐l,浙江省,1
棕尾褐l,广东省,1
棕尾\,青海省,1
棕胸佛法僧,云南省,1
棕胸蓝姬l,云南省,4
棕胸雅鹛,云南省,3
棕胸雅鹛,广西壮族自治区,2
棕胸岩鹨,青海省,10
棕胸岩鹨,四川省,9
棕胸岩鹨,云南省,1
棕胸岩鹨,西藏自治区,1
棕胸竹鸡,云南省,1
棕胸竹鸡,安徽省,1
棕夜鹭,山东省,1
棕雨燕,云南省,15
棕雨燕,海南省,3
棕雨燕,江苏省,1
棕雨燕,四川省,1
棕噪鹛,浙江省,53
棕噪鹛,福建省,22
棕噪鹛,江苏省,9
棕噪鹛,安徽省,3
棕噪鹛,贵州省,2
棕噪鹛,江西省,1
棕朱雀,四川省,4
纵纹腹小^,山东省,20
纵纹腹小^,江苏省,5
纵纹腹小^,青海省,4
纵纹腹小^,内蒙古自治区,3
纵纹腹小^,安徽省,2
纵纹腹小^,黑龙江省,2
纵纹腹小^,宁夏回族自治区,1
纵纹腹小^,河北省,1
纵纹绿鹎,云南省,9
